age,pos,TS%,TRB%,3PAr,FTAr
21,PG,59.5,6.5,45.5,44.8
22,SF,52.1,7.6,44.5,21.1
21,SG,53.6,7,54.8,10.5
20,SF,50,7.5,45.1,22.7
22,PF,65.9,16.4,24.3,24.8
25,SG,50,8.9,28.5,21.1
24,C,71.2,12.5,5.1,47.2
43,SF,47,7.6,66.4,9.5
24,PF,56.5,12.3,29.3,18.3
26,C,59,16.6,21.5,31.2
21,C,54.2,15,18.6,25.6
27,SG,48.2,6.7,65,8.4
31,PG,51.2,5.6,18.2,32.1
24,PG,50.7,9,45.8,15.8
26,SG,47.8,10.1,55.2,28.4
31,PG,42.4,8.2,7.5,20.9
30,C,46.3,18.9,42.9,9.5
25,SG,38.9,7.4,34.1,38.6
31,SF,38.9,7,77.8,0
22,SG,47.2,5.4,47.4,26.3
25,SG,0,6.3,42.9,0
21,PF,56.7,10.9,38.3,25.5
23,SF,58.3,10.1,38.1,27.4
25,SG,51.8,6.3,57.9,22.3
29,PG,57.5,6.7,53.2,27.2
29,SF,59.5,10.7,31.7,20.7
27,C,63.1,14.6,22.5,26.8
30,PG,57.7,5.6,28.2,37.6
21,PF,50.5,9.1,45.5,25.6
25,PF,56.2,7.7,64.8,16.3
27,C,59.9,23.5,2,28.4
26,SF,56.4,10.6,26.2,33.3
22,C,72.8,17.7,0,38.6
20,SG,43.4,5.9,33.8,31.3
21,SG,44.4,7.2,59.4,14.8
26,C,52.5,17.7,5.6,19.4
22,PG,38.1,5.4,49,16.3
24,C,75.1,24.3,0,21.4
21,PF,56.3,13.8,37.7,36.8
23,SF,58.6,10.6,41.7,21.9
25,SG,55.2,7.7,62.1,28.3
29,PG,57.3,6.2,49.2,31.6
27,C,57.8,14.1,22.2,28.2
30,PG,62.6,7,45,26.7
21,PF,77.3,8.6,65.4,38.5
29,SF,50.4,7.2,48,16
22,C,71.3,19.2,3.2,19.4
25,PF,36.4,5.5,82.1,7.1
27,C,53.9,23.7,2.4,23.8
20,SG,46,3.7,20,20
26,SF,75,9.4,100,0
21,SG,0,18.7,0,0
24,C,79.8,18.7,0,200
26,C,0,0,0,0
22,PG,0,28.1,100,0
28,SF,60.6,7.3,51.8,11.4
26,SG,54.1,5.7,39.2,43.7
25,SF,49.7,10.6,58.3,12
21,C,66.4,18.7,1.3,58.1
33,SG,51.3,6.5,65.8,14.8
25,SG,51.4,7.4,30.1,26.9
31,C,68.2,23.5,0,42.5
24,SG,59.9,7.7,59.5,30.1
32,SF,53.1,10.2,66.1,12.6
21,PF,55.5,10.4,50.8,21.5
27,PG,59.5,8.1,34.1,24.5
20,SF,48.4,9.1,45.3,34.9
24,SG,37,7.7,51.6,10.3
24,PG,53.1,7.1,52.8,4.7
27,SF,62.7,8.7,39.4,38
29,SG,40.3,7.3,51.6,10.9
27,SG,55.2,6.4,45.6,22.8
20,PF,57.7,12.2,14.6,43.8
26,SF,35.2,10.2,76.3,10.5
23,PG,54.1,5.2,34,26.4
31,SF,48.5,6.9,56.5,17.4
22,PF,70.9,14,0,66.7
23,PF,14.3,20.7,57.1,0
39,SG,62.5,0,50,0
25,SG,48.2,8.6,28.8,34.2
33,SG,46.5,4,73.5,12.2
21,C,66,22.5,0,66.7
24,SG,49.8,5.8,66.1,20.3
27,SG,58.7,3.8,60.9,4.3
28,SF,66.6,14,52.2,17.4
24,PG,44.6,4.7,66.7,16.7
21,PF,52.7,11.3,40,10
20,SF,40.8,3.9,54.5,127.3
26,SF,69,14.4,91.7,33.3
23,PG,41.6,5.6,35.7,7.1
22,PF,51.8,12.6,0,80
31,SF,29.6,8.9,40,80
24,PG,53.7,5.2,60.7,24.2
25,PG,55.3,7,45,20.2
21,SF,52,9.9,39.8,17.4
21,PF,54.7,9.8,39,23.1
27,C,57.6,16.7,15.7,37.4
21,SG,53,7.3,41.8,20.5
27,C,57,16.3,0,54.3
24,SF,50.5,9.6,37.2,31.4
33,PF,59.3,7.4,55.7,23.8
24,SG,41.9,7.9,27.5,21.7
31,SF,46.3,10.8,60.5,12.3
25,C,57.6,19.5,15.8,42.4
24,SF,59.5,6.5,44,25
22,PF,57.4,12.1,34.3,24.3
26,PF,42.1,11.9,32.1,17
24,PG,12.7,0,57.1,28.6
24,SG,56.8,7.7,40.4,27.9
28,PG,53.3,7.5,36.1,22
19,SG,50.6,7.6,47.5,16.3
31,PF,52.1,10.9,36.9,12
22,PF,56,11.6,53.6,25.9
25,PG,51,8.1,32.7,15.8
20,C,59,17.8,8.5,44.3
25,PG,55.1,6.5,62.7,17.3
21,C,68.6,9.6,0,44.8
24,C,53.9,8.3,57.8,15
23,SF,52.1,11.3,21.7,44.6
26,SF,51.1,8.4,57.8,3.4
26,SF,55.9,9.8,25.5,30.3
27,PF,67.1,14.6,3.7,42.6
26,SF,55,8,44.3,19.3
21,SG,53.8,4.9,53.6,14.3
23,SG,72.7,9.2,33.3,33.3
21,SG,56,5.3,23.5,24.6
24,SF,55.2,6.7,52.7,15.4
20,PG,49.8,3.4,42.3,10.3
31,PF,59.9,17.1,53.6,30.1
28,C,54,18.6,4.1,28.6
27,C,60.8,15.4,36.9,17.2
19,SF,53.5,7.7,37.5,24
29,PG,46.3,5.1,52,21.1
27,SG,58.1,5.8,48.8,26.4
27,SF,49.3,10.6,38,18.1
29,PF,53.9,15.4,25.8,27.5
24,SG,59.2,7.6,38.5,42.7
28,PG,43.1,4.6,74.4,15.1
26,C,57.3,22,13.3,37.1
23,C,59.7,16.6,0,26.4
23,PF,74.4,14.9,30.8,7.7
22,PF,75.2,15.9,0,60
22,SG,25,8.8,50,0
22,SG,34.7,0,50,100
21,C,0,37,0,0
24,SG,0,0,0,0
26,PF,59.5,10,58,20.7
27,SG,58.1,5.8,58,20.6
20,PG,58.5,14.7,43.1,44.8
28,C,60.5,10.8,62.1,18.1
24,PF,55.1,15.6,43.2,30.4
29,SG,64.3,4.8,55.9,16.9
27,SG,55.4,9.4,30.9,24.3
28,C,67.7,11.2,17,48.5
24,PF,49.6,7.7,47.8,14.7
23,PG,55.3,6.9,30.9,19.3
35,PG,51.2,6.2,41.1,10.6
31,C,61.2,24.5,8.1,27
34,SG,62.9,4.9,57.3,8.5
27,PG,55.3,4.1,45.1,13.4
29,SG,56.8,12.5,86.4,13.6
26,C,68.4,20.1,2.2,20
26,SF,39.5,13.9,23.1,38.5
25,SG,34,8,21.4,35.7
22,SG,40.5,5.6,22.2,22.2
20,PG,59.6,15,34.4,50
27,SG,53.6,5.6,56.8,11.6
28,C,45.2,10.5,66.7,30.8
26,PF,56.3,9.7,57.7,9.6
29,SG,69.7,3.5,39.6,9.4
27,PG,58.4,6.6,28.8,16.9
24,PF,70.8,15.1,42.5,57.5
31,C,60.4,23.3,3.3,30
26,SF,42.1,6,64.3,42.9
27,SG,65.6,3.1,20,50
24,PF,25.8,10.2,50,66.7
25,SG,40,6.1,0,0
22,SG,51.5,12.1,33.3,66.7
35,PG,64.7,0,0,300
24,C,60.5,17.1,23.8,28.1
29,SF,54.9,10.7,39,18
22,PG,55.9,6.9,36.2,20.7
25,PF,59.1,7.3,39.7,30.9
25,SG,51.9,5.1,40.5,17.7
24,PG,54.5,4.7,30.4,15.7
34,PF,59.1,13.2,28.3,32.2
29,SF,55.3,9.9,51.3,13.4
29,C,61.3,16.8,1.7,53.8
21,PF,61.7,16.1,38.4,18.8
23,SG,51.1,5.8,53.5,12.6
24,PF,44.2,12.6,54.5,22.7
23,PG,49.5,7.5,31.2,18.5
24,SF,57.1,9.7,32.1,35.7
20,SF,61.7,12.2,32.1,35.7
28,SG,46.4,4.4,71.4,0
22,SF,50.7,12.4,40,26.7
20,SF,71.4,10.9,0,0
28,SG,58,8.8,66.7,66.7
24,PF,83.8,14.9,16.7,66.7
22,PF,69.4,11.8,0,100
22,PG,62.6,7.3,37.2,21.2
24,C,61.4,16,28.6,23
25,PF,55.6,5.7,54.3,30.9
34,PF,53.6,11.5,37.3,45.8
21,PF,60.2,16.8,54.3,21.3
24,PG,58.1,4.3,30.1,25.6
25,SG,52.2,4.4,57.8,24.4
29,SF,51.4,9.8,53.8,16.7
29,C,51.9,17.6,2.6,30.8
23,PG,48.5,8.6,24.2,42.4
28,SG,62.1,6,50,16.7
24,SF,25.5,14.9,0,40
20,SF,75.9,14.2,33.3,88.9
22,PF,0,29.8,0,0
24,PF,0,0,0,0
28,SG,58.4,5,61.1,15.7
26,C,55,26.6,3.1,37.6
28,SF,59.8,3.8,66.5,8.4
23,SG,51.8,9.5,21.5,26.6
24,PF,65.9,16.7,27.6,47.6
31,PG,55.5,5.3,19.5,18.5
22,SF,57.8,4.7,70.4,17.3
30,PF,57.3,9.9,48.6,20.3
23,SG,58.9,6,53.5,21.9
22,C,58.2,12.2,33.2,57
19,SF,47.4,8.9,41.5,19.5
30,PF,47.6,9.3,44.4,39.2
29,PG,49.2,6.1,41.4,16.7
29,PG,46.4,5.3,31.9,25.5
28,PG,57.6,5.4,82.7,25.9
29,PF,67,14.5,9.8,25.5
28,SG,44.6,8.7,37.2,51.2
20,SF,44.8,9.2,52.4,14.3
23,SG,45.3,0.9,82.4,23.5
22,PG,30,4.3,50,0
22,PF,45.2,17.7,0,150
24,PG,50,2.2,100,0
23,PF,57.1,9,20.2,33.1
26,SF,57.4,8.1,33.5,14.6
27,SG,54.8,9.1,46.8,24.7
28,SG,55.2,8.8,37.3,37.3
20,SG,45.4,5,52.8,23.7
29,PF,48.9,11.8,40.8,26.3
22,PF,60.4,16.5,10.1,40.5
23,PG,55.8,6.2,50.6,22.7
22,PG,49.4,6.5,33.3,12.8
26,C,57.3,14.7,0,22.2
22,PF,55.1,13.4,37.3,31.2
22,SG,43.9,5.4,28.6,21.8
24,SG,54.2,7.4,31.4,32.4
26,SF,52.9,10.4,36.5,7.9
23,C,40.3,13.6,17.7,15.2
25,SG,53.3,6.1,77.6,17.9
22,SF,53.4,14.7,47.9,15.5
31,PG,55.7,10.1,59.8,31.7
19,PF,61,10.5,32.5,47.5
33,PG,55.7,3.7,31.8,4.5
26,PG,37.7,2.7,50,150
22,SG,43.7,7.5,72.7,9.1
30,SG,62.6,9.4,55.7,52.8
34,PF,55.9,10.1,70.2,11.3
31,PG,53.6,11.5,16.6,29.7
26,SF,57.2,7.3,65.9,16.7
26,SG,62.2,5.1,82.9,12.3
27,SG,54.2,5.8,53.9,22.2
25,C,62.6,22,0,26.8
31,SG,51,3.7,65.4,23.1
29,C,53.1,12.7,74,13.2
35,PF,48.7,11.2,59.3,8.8
33,C,68.2,6.7,53,18.8
22,SG,54.8,5.4,75.4,7.7
21,C,67.4,17.7,7.5,41.8
37,C,71.7,15.8,0,72.2
25,PF,56.4,9.9,86.4,11.9
33,PF,57.8,8.1,54.1,59.5
25,SG,38.4,3.6,79.3,48.3
24,C,61.8,16.1,40,30
33,PF,42.5,4.2,40,40
31,C,35.7,26.2,71.4,0
26,PF,0,8.1,100,0
30,SG,63.6,8.3,51.3,50.9
34,PF,54,11.6,76.1,0
31,SF,53.7,4.4,51.1,22.7
29,C,68.3,8.8,71.6,7.4
33,C,62.9,9.8,52.4,16.5
26,SF,56.8,10.4,62.4,15.3
31,PG,46.4,11.9,23.6,22.9
27,SG,42.7,7.9,57.4,21.3
26,SG,55,4.7,90,0
25,SG,37.5,18.6,50,0
22,SG,59.5,13.9,100,40
24,C,50,23.9,50,0
33,PF,50,27.9,0,0
37,C,0,0,0,0
26,SF,61,7,22.7,20.5
23,C,58.6,19.6,7.9,34.9
30,SG,58.5,7.1,68.1,13.8
23,C,56.6,12.2,42.6,28.8
27,PG,54.1,8.6,30.9,25
23,PG,52.1,5.3,39.3,15.5
28,PF,62,7,53.7,10.6
27,PG,54,7.8,4.1,10.2
27,SG,54.7,8.5,33,23
27,SG,50.6,7.8,42.3,24
20,C,52.3,12.3,28,22
26,SF,61.5,10.2,11.3,23.5
24,PG,49.1,5.6,37.3,20.4
22,PF,45.1,17.5,20.9,18.6
23,SF,50.9,22.3,27.6,34.5
26,SG,41.2,8.2,70.6,0
21,SG,30,12.4,20,0
27,PG,55.6,6.2,36.9,43.1
26,SF,55.6,9.4,27.9,13.2
23,C,61.7,17.2,31.8,36.4
30,SG,65,6.7,76.2,14.3
27,SG,56.3,6.2,58.9,28.6
23,PG,66.8,4.1,42.9,23.8
28,PF,33.3,3.3,66.7,0
26,SF,62.5,15.2,0,0
24,PG,38.1,8.6,42.9,28.6
27,PG,39.4,12.5,0,25
23,SF,0,0,0,0
33,SG,54.6,5.6,33.7,36.2
28,SF,58.9,11.3,28.7,35.5
26,C,60.7,13.2,2.2,43.2
22,SG,58,3.6,75.7,19.4
29,SF,58.9,10,48.7,27.7
31,PG,56,10.3,60.4,13.8
22,C,65.1,21.3,0.5,43.1
29,PF,57.6,15.4,67.6,13.6
26,SF,58.4,9.1,33.6,19.4
28,SG,47.7,9,49.2,18.8
30,PF,58,10.1,73.8,18.5
30,PF,52.3,7.4,48.3,12.6
22,SG,42.3,6.5,49.3,14
29,PG,58.7,7.3,49.2,16.4
23,SG,54.5,7.9,25.3,34.2
24,PG,62.6,3.5,58.3,25
22,SG,49.3,5.2,35.2,20.4
22,C,61.4,8.9,62.5,15.6
34,C,60.8,16.6,0,100
24,PF,77.4,12.7,6.7,46.7
28,SF,59.3,13.2,27.2,35.1
29,SF,53.6,9.2,50.2,24.9
30,PF,65.3,9.1,53.2,12.6
33,SG,51.1,6.7,34.9,25.3
22,C,62.6,16.2,0,47.4
26,C,60.8,8.7,6.1,82.9
22,SG,54.8,5,71.2,11.9
29,PF,67,12.3,41.8,16.4
29,PG,61.5,6.9,66.7,0
31,PG,61.3,11.1,56.4,10.3
23,SG,40,14.5,40,0
28,SG,80,13.9,60,0
30,PF,150,5.6,100,0
22,SG,25.8,0,33.3,66.7
34,C,0,0,0,0
35,PG,57.7,12.4,32.6,29.2
26,PF,61,14.8,19.9,47.9
26,SG,58.4,4.4,47.1,20.1
32,SG,55.2,7.3,69,10.1
24,PF,53.1,9.8,40.7,23.2
34,C,69.6,21.2,1.8,77.3
29,SG,53.7,5.3,45.2,6.3
25,PG,52.5,5.7,41.2,32.3
32,C,65.2,18.9,2,26.8
33,PG,49.4,7.9,38.1,12.5
26,PG,50.9,5.5,39.7,6.5
28,SG,52.7,5.5,70.9,10.1
34,SF,55.8,7.8,70,3.3
30,PF,51.6,12.4,56.5,8.7
28,SG,51.8,4.3,41.1,21.9
19,SG,53.5,4.7,43.3,13.3
34,SG,37.2,3.5,50,9.1
22,PF,90.2,8.2,0,66.7
23,C,50,30.4,0,0
22,SG,0,10.9,0,0
26,PF,66.5,15.6,16.7,49.9
35,PG,64.7,17.5,31.2,39.3
26,SG,56,4.3,63,14.3
32,SG,47.3,7.4,67.6,8.8
25,PG,54.3,5.6,54,26.5
24,PF,53.5,7.9,46.4,20.7
33,PG,55.3,10.3,41.3,15.7
30,PF,60.8,9.8,70.4,9.2
34,C,67.7,17.4,3.5,78.9
32,C,62.3,19.2,6.3,6.3
34,SG,38.5,2.4,84.6,0
28,SG,38.8,3.1,33.3,16.7
34,SF,0,3.8,75,0
26,PG,62.3,2.5,40,10
19,SG,58.3,17.3,41.7,0
24,SG,51,6.1,38.5,19
20,PG,55.6,6.6,19.1,32.9
27,C,63.1,22.5,12.3,27.1
20,C,59.3,8.5,48.9,24.7
26,PF,53.4,11.3,25.7,23.6
29,SF,50.7,11,66.7,23.8
23,PF,66.3,14,13.4,23.4
23,PG,53.2,4.4,28.9,13.5
21,PG,50.1,9.9,34.9,30.2
28,SF,54.9,8.4,63.1,16.3
24,SG,60.9,6.2,56.2,17.9
24,SG,51.4,7.9,52.9,16.6
22,SG,54.7,9.1,45.3,31.4
30,C,58.3,16.2,36.8,48.3
34,PF,60.2,7.4,85.4,16.7
24,C,44.1,12.1,36.2,4.3
23,SG,71.3,13.7,27,5.4
25,SG,48,10,23.5,23.5
25,PF,63.5,7.5,42.9,28.6
26,SF,25.4,3.8,57.1,28.6
26,SG,60.7,4.1,33.3,22.2
22,PF,59.8,17,1.8,48.4
25,SF,68.4,6,88.2,10.5
24,SG,53.4,5.1,42.8,10.9
30,SF,58.5,11,15.7,69.3
33,PG,57.3,6.3,46.7,34
20,SG,55,8.3,47.2,15.8
22,SF,62,9.5,37.8,35.2
28,C,62.1,13.1,58.8,25.1
27,C,62.7,14.1,54.7,12
29,SF,66.9,10.8,78,18.3
36,SG,50.7,10.4,53.4,17
23,SF,44,11.6,20.9,20.9
23,PF,65.1,20.4,3.8,70.5
32,PF,54.7,10.4,51.7,16.1
28,SF,47.1,6.3,53.3,35.6
23,PG,29.7,3.4,73,0
39,PF,47,20.3,27.3,36.4
28,SG,53,14.7,65.4,3.8
20,SF,59.5,10.8,20,40
24,SG,50,0,66.7,0
23,PF,50,12.9,0,0
30,SF,61.6,9.7,14.6,64.7
20,SG,55.7,8.7,46.2,19.5
22,PF,62.5,16.5,0.5,52.3
29,SF,57,10.2,80.1,22.9
25,SF,63.6,5.6,88.6,21.6
33,PG,54.9,7.2,39.9,22.8
36,SG,58,7.6,60,10.8
28,C,60.6,17.7,51.6,29.5
24,SG,48.2,7.7,46.7,8.7
22,SF,57.3,7.1,52.9,29.4
28,SF,66.7,9.6,66.7,0
27,C,78.8,1.9,50,25
23,PG,0,0,0,0
25,PF,61.3,22.1,23.7,50.8
28,SF,61.9,10.2,37.4,24
31,C,55.1,8.5,48.4,22.7
30,PG,57.1,8.5,30.6,30.4
33,SG,54.7,5,70.4,16.1
23,SG,55.7,10.3,48.4,16.9
33,PG,65.9,6.9,46.8,26.9
27,SG,56.5,11.3,55.1,13.3
32,PF,58.9,15.1,43.8,27.8
38,SF,62,6.3,80.9,14
31,C,55.4,8.3,35.1,17.7
24,SF,48.6,11.8,53.1,15.6
23,PF,47.5,12.5,55.3,13.6
33,PF,56.6,11.4,68.4,12.3
27,SF,49.6,9.2,20.8,35.4
25,PG,53,8,41.2,33.3
22,SF,58.2,10.9,42.9,14.3
28,SF,50.7,10.4,36.1,25.6
31,C,64.3,9,46.5,17.5
25,PF,61,24,24.8,50.3
33,PG,60.6,4.8,41.8,38.8
30,PG,48,8.2,32.7,26.5
33,SG,58.6,3.9,75.4,17.5
33,PF,56.9,14.4,48.9,6.4
27,SG,55.7,12.2,65.7,5.7
23,SG,55.2,10.4,41.2,39.2
38,SF,61.9,3.6,78.7,14.9
32,PF,45.5,9.3,55.6,22.2
31,C,75,10.2,0,0
24,SF,0,13.4,100,0
25,PG,0,0,0,0
21,SG,55.3,9.1,38.7,48
20,SG,46.7,7.4,38.8,20.6
24,SF,53.5,7.9,34.8,26.2
29,PF,57.2,10.7,62.9,19
24,C,64.2,16.8,44.5,36.3
31,PG,57.8,4.9,26.9,44.4
28,PG,53.9,6.8,56.2,31.1
30,C,56.3,17.4,43.3,21.3
26,SG,44.7,8,47.4,21.1
24,SF,53.5,9,45.6,31.6
23,PG,58.7,4.4,42.7,21.9
25,PF,54.4,6,40.2,17.9
24,SF,50.6,10.2,53,17.1
20,C,50.5,13.2,39.9,21.8
23,SG,59.1,8.1,49.4,12
24,PF,57.6,13.1,50.4,33.6
23,PG,55.3,7.4,52.1,26.1
24,C,60.5,17.6,16.3,32.6
32,PF,58.8,10.3,35.9,26.6
25,C,57,17.5,15,48.3
20,SG,47.1,4.5,49.1,32.1
27,SG,41.6,4.8,76.5,5.9
20,PF,53.2,10.6,100,200
22,SG,0,0,100,0
29,SG,53.7,7.3,34.4,18.1
22,PF,58.7,9.6,35,33.6
22,PG,51.7,10,57.5,11.1
24,SF,56.3,12.8,66.5,21.6
35,SG,64.4,5.1,62.9,29.3
28,C,62,21.4,2.1,20.9
19,C,68.9,12.7,1.5,73.4
29,C,55.6,9.2,63.8,22.6
30,SG,51,6.8,38.2,10.3
25,PF,42.9,11.9,66,17.7
21,PG,51,5.5,43.5,22.7
19,PF,61.6,11.9,3.9,49.4
21,SG,47.3,7.5,50,13.9
24,C,64.2,14.4,1.9,38.3
24,SF,66.7,9.4,11.1,0
25,SG,62.7,6.1,36.4,36.4
26,PG,50,4.6,0,0
25,PF,53.8,16,23,35
19,SG,47.9,8.7,27.1,34.9
21,C,72.6,16.2,0,43.4
24,C,53,12.9,31.7,15.8
30,SF,58.2,9,41.5,31.1
25,PG,47,9.1,15.7,19.5
21,PG,49.7,5.4,41.1,17.7
20,SF,47,8.4,49.6,25.2
34,C,61,13.9,4.9,19.6
25,SG,52.7,5.8,56.2,11.4
28,SG,50.2,5.3,49.6,9.4
32,SG,50.9,6.2,82.2,7.5
22,PG,39.9,7.7,25.6,25.1
24,PG,62,5.3,50,40.6
26,SF,53.6,7.5,37.9,36.4
27,SG,51.2,4.1,36.4,25
21,SF,35.1,5,40.9,22.7
21,SG,56.8,9.4,24.7,35.2
34,PG,61,8.7,34.3,31.5
26,PG,57.5,6.5,33.7,24.5
31,PF,61.2,9.7,53.7,36.5
26,C,60.4,19.2,0.6,42.1
21,SF,48.1,3.3,76.4,9.1
19,PF,49.7,12,44.5,19.6
25,C,71.1,14.7,1.1,39.4
21,SF,49.1,10.3,19.3,21.3
26,SF,59.1,6.4,48.7,25.1
20,SG,50.6,5.5,46.3,24.3
28,C,56.9,10.4,75.7,11.6
26,SG,39.6,8.8,42.4,11.2
28,SG,33.5,17.1,48.3,6.9
24,SG,29.8,4.8,56.7,26.7
23,PF,31.5,12.7,74.1,0
22,C,45,11.5,40,0
21,SF,0,10,0,0
21,SG,56.9,6.9,38.9,25.6
34,PG,60.4,10.4,38.4,23.2
26,PG,50.4,6,41.3,22.9
31,PF,56.9,9.4,46.8,38
26,C,58.4,20.2,1.9,38.5
20,SG,45.4,6.6,65.8,19.7
19,PF,65,19.5,71,32.3
25,C,49.1,15.6,5.9,58.8
21,SF,27.3,5,90.9,0
21,SF,46.2,12.6,45.5,63.6
26,SF,25.4,6.3,71.4,28.6
28,C,75,10.5,50,0
28,SG,0,0,100,0
26,SG,0,0,0,0
27,SG,59.5,4.4,46.7,23.7
24,PF,51.6,12.7,30.9,29.2
29,C,54.9,18.1,28,16.2
21,PG,51.7,6.4,17.5,20.6
28,SG,54.8,6.3,59.6,21.7
32,PG,55.4,4.6,43.6,39.3
22,SF,55.2,12.7,28.3,23.2
25,SF,54.4,7.4,35.2,41.6
27,C,56.6,12.9,0.7,70.6
21,C,54.2,18.5,37.4,16.1
28,SG,53.5,9.5,28.8,36.5
29,SF,56.6,10.5,47.4,27.8
29,PF,39.5,12.3,41.9,33.7
25,PF,57.1,10.6,81.1,4.1
23,SG,55.9,4.3,47.1,11.8
24,SF,41.2,9.7,28.1,31.3
26,PF,37.2,16.7,0,100
24,SF,36.3,9.6,38.9,33.3
30,PG,37.8,8.5,26.7,13.3
29,C,60.4,15.3,39.6,9.9
27,SG,49.6,6,61.4,29.8
21,PG,47.6,3.8,26.7,11.7
25,PF,52.6,10,97,15.2
28,SG,58.4,8.4,46.9,21.9
32,PG,58.8,4,37,50
29,SF,44.9,12.5,45.7,25.7
27,C,63.7,14.4,0,78.6
25,SF,44.6,7.4,35,40
24,SF,75,25.7,50,0
24,SF,150,25.7,100,0
27,PF,55.6,11.1,30.4,18.4
33,C,53.6,12.4,39.9,11.3
23,PG,60.2,12.2,1.1,46.1
26,SG,53.3,5.7,38.5,21.8
22,SG,57.9,6,63.2,18.1
25,C,59,21.7,21.5,54.3
22,SG,53.9,4.6,59.2,15.5
31,PF,55.7,11.3,62,10.6
23,SG,61.7,6,48.7,23.5
29,SF,56.4,10.7,46.9,27
27,PG,56.7,5,39.6,21.2
28,SG,59.4,8.5,46.1,24.6
27,PG,54.5,5.9,29.9,14.2
29,C,54.4,20.5,31.8,23.5
26,SF,59.8,9,31.8,14.1
26,C,52.6,17.1,2.1,29.2
20,SG,31.3,3.5,27.3,36.4
24,SG,40,13.8,50,33.3
24,PF,51.5,3.9,33.3,66.7
27,PF,46.1,13.7,25,31.7
25,C,60,18.2,21.6,79.7
26,SG,52.4,5.6,50,32.1
33,C,49.9,12.1,16,28
23,SG,61.6,5.5,56.8,15.9
28,SG,39.7,8.5,32.7,18.4
22,SG,50,5,57.1,0
22,SG,16.3,8.1,85.7,71.4
27,PG,44.4,6.2,55.6,0
31,PF,44.4,21.5,40,80
26,C,0,0,0,0
29,C,0,9,0,0
23,SG,61.8,6.6,31,39.7
23,SF,62,7.9,40.1,25.2
29,PG,53.5,8.4,31.2,32.7
24,SF,56,10.4,37.2,29.8
25,PF,59.2,13.8,43.7,23.8
23,PF,58.6,8.3,67.2,14.1
21,C,56.8,19.6,2.3,15.7
24,PG,56.3,6.9,60.1,11.1
33,C,58.1,14.1,44.1,19.7
26,C,54.5,12.6,40.4,29.3
22,PG,51.6,6.9,39.2,39.2
27,SG,48.1,5.6,48.5,18.7
23,C,68.8,15.2,2.1,27.5
22,PG,42.5,7.8,44.2,14.2
25,PG,61.2,9.4,42.6,10.3
24,PF,33.8,13.5,37.5,25
19,PG,46,3.5,40,20
24,PF,34,11.1,40,40
22,PG,25,0,50,0
28,SG,54.1,6.1,37.8,13.6
29,PG,62.7,6,50,38.4
30,C,64.4,23.6,1,34
35,PF,52.5,10.1,28.9,20.6
20,SG,50.2,5.5,42.2,17.2
21,SG,58.7,3.9,60.8,10.2
30,SF,47.5,8.1,52.5,22.1
24,PF,52.5,11,35.8,27.1
34,SF,64.3,7.4,53.5,29.6
27,SF,62.5,6.1,41.3,15.7
19,PF,50.5,9.9,39.1,29.1
23,C,58.8,15.6,8.8,22.4
34,PF,51.5,10.4,76.1,16.2
22,PF,53.8,12.4,27.9,11.8
22,PF,60.5,18.3,4.7,34.9
25,C,56.7,16.9,9.2,32.1
22,PF,60.6,12.6,38.7,38.7
20,SF,50.4,16.2,9.4,40.6
20,C,40.7,22.2,0,80
28,SG,53.4,7.8,35.4,22.2
35,PF,51.2,7.5,27.9,20.6
25,C,52.9,17,19.3,40.4
21,SG,49.9,3.4,53.3,15.6
29,PG,61.8,5.2,51.6,51.6
30,C,56.4,17.4,4.2,58.3
20,SG,47.1,7.1,53.8,23.1
24,PF,48.4,12.4,31.8,18.2
22,PF,66.1,9.9,33.3,13.3
20,SF,58.3,11.6,0,0
23,PG,33.3,7.5,44.4,0
27,PF,57.4,8.1,33.8,33.7
27,SG,56.6,8.3,59.2,11.7
31,PF,60.2,12.8,49,12.9
27,SG,56.5,6.6,57.6,15.1
28,PG,51.7,6,38.6,17
22,PG,55.8,6.8,22.7,42
26,C,68.1,16.2,0,34.3
34,SF,54.3,10.4,73.9,16.4
21,PF,58,15.9,0.8,19.5
30,SG,53.3,11.9,35.1,36.1
30,C,47.7,17.4,41.5,16.4
26,PG,52.8,5.2,42,22.3
20,PF,51.2,16.3,13.2,18.6
23,SG,47.7,7.8,34.5,25
26,C,64,22.8,5.1,40.7
22,SG,58.6,7.2,45,15
34,PF,25.2,7.6,88.2,11.8
24,PF,63.8,16.2,11.1,25
22,PF,44.4,9.2,47.1,58.8
33,SG,47,13.6,25,75
22,PF,51.2,17.1,0,50
25,PF,77.3,20.7,0,66.7
22,SG,40,5.6,60,0
30,SF,60.3,8.7,3.3,43
34,C,57.1,12,19.8,24.1
23,PG,52.4,12.2,17.4,17.9
25,SG,59.3,7.2,39.1,38.2
26,SG,57,4.3,65.6,15.5
31,PG,59.2,3.9,67.4,18.7
33,PF,55.3,13.4,36.9,22.8
24,PF,55.7,15.3,49,13.1
24,C,61.2,17.3,0,32.3
21,SG,50.7,7.6,28.3,17.1
33,SG,53.2,6,56.7,18.5
20,SF,71.1,10.2,24.7,49.4
22,PF,68.2,16.8,1.5,38.8
33,SF,43.7,12.4,44.8,69
22,PF,60.8,16.9,4.8,31
23,SG,33.6,4.8,29.4,11.8
20,PF,45,11.2,50,25
30,C,25,53.9,0,0
25,PF,55.4,11,33.1,27.4
33,PG,59,7.3,58,42.7
22,SF,60,9.3,40.3,18
25,PG,55.3,5.6,48.4,25.6
30,C,58.3,16.1,27.2,18.5
26,SG,62.4,6.8,45.7,25.6
22,SG,58.8,10.3,55.5,13.5
35,C,55.1,12.5,53,17.6
25,SF,53.3,13.3,7,43.5
24,SF,50,5,43.8,11.1
27,PF,58.7,17.9,39.5,38.8
25,SG,65,7.3,66,8
26,SF,53.8,5.2,75.9,27.6
23,PF,45.4,13,40.7,27.1
21,SF,45.8,10.2,41.7,27.8
25,SF,67.5,11.3,47.4,47.4
23,C,43.2,26.4,14.3,35.7
21,PG,76.5,4.8,40,40
25,PG,53.7,6,57.9,13.2
25,PF,46.2,10.7,29.1,25.3
33,PG,55.9,9.4,48.6,40.5
22,SF,57.3,10.4,46.6,31.8
26,SG,62.9,5.1,50,27.9
30,C,70.2,18.3,40.9,12.7
35,C,46.7,11.3,42.2,23.4
22,SG,67,8.3,65.5,24.1
25,SG,73.8,9,57.1,0
27,PF,35,15,45.5,9.1
25,SF,51.8,13.8,10,80
23,PF,56.8,10.8,45.5,9.1
25,SF,50,0,0,0
26,SF,50,0,33.3,0
23,SG,55.8,7.1,35.2,24
27,C,69.9,21.6,0,72.4
32,SF,59.5,7.2,63.8,17
30,SF,60.3,6.8,48.9,29.6
26,PF,57.8,10.4,66.8,15.1
32,PG,53.7,6.1,45.1,24.5
27,SG,56.9,6.3,47,14.6
26,PF,58.9,7.6,69.9,7.5
23,PG,54.3,8.2,26.6,25.4
22,C,68.1,22.2,1.6,24.3
33,PF,52.3,8.1,53.3,32.3
30,C,48.9,19.1,0,30.4
22,SG,58.4,6.8,39.5,53.5
22,PF,64.8,11.9,30.8,15.4
22,SG,51.2,8.6,59.4,15.6
23,PF,41.6,11.5,46.4,7.1
24,SG,50.3,8,26.1,8.7
25,PG,41.5,6.6,43.8,12.5
22,PG,43.7,6.1,50,20
27,SF,0,11,33.3,0
27,C,63.8,17.4,0,56.8
23,SG,69.6,7.8,40.8,36.9
26,PF,56.3,8.9,68.8,18.8
32,SF,56.5,6,74.1,11.1
27,SG,57.7,7,50.5,10.3
32,PG,67.2,5,53.1,34.4
26,PF,64.6,7.7,65.9,4.5
22,PF,34.2,14.3,83.3,50
22,C,37.3,28.1,0,77.8
23,PG,43.7,10.3,21.4,14.3
22,SG,58.3,16.7,66.7,0
23,PF,8.5,18,60,40
22,SG,50,0,60,0
25,PG,0,0,0,0
26,SG,57.9,6.4,36.9,35.1
31,PG,50.9,6.7,24.5,12.5
20,SG,52.4,11.7,28.8,22.3
27,PF,62.8,8.5,77.4,20
21,PF,53.5,11.1,16,25.7
20,SF,60.8,9.7,30.3,36.3
22,C,64.9,15.8,21.8,27.8
30,PG,53.1,4,44.4,17.8
22,C,63.8,14.3,30.1,35.7
33,C,54.5,14.7,12.4,53.8
28,SG,52.3,8.7,33.4,26.2
22,SG,51.6,7.5,49.4,21.8
28,PG,57.3,5.4,46.8,37.6
24,C,55.1,13.4,2.6,50
27,PG,47.3,10.1,39.7,6.9
22,SF,50.2,7,66.3,16.3
23,SG,69.1,5.8,82.1,60.7
24,C,56.6,19.4,5.9,38.2
32,SG,47.2,4.1,59.3,33.9
24,PG,39.7,6.7,47.1,0
27,PG,44.9,4.1,29.6,25.9
22,PG,54.2,5.6,41.7,0
26,SF,68.2,7,45.5,0
20,PG,53.9,6.3,38.4,33
20,SG,53.3,6.3,53.7,8.5
24,SG,50.8,9.7,28.1,22.1
21,PF,62.7,17.1,19,32
29,SG,50.7,8.3,43.4,25.3
29,C,60.2,15.7,41.3,21.5
24,SF,57.5,6.7,53,19.5
25,C,57.5,14.4,31.5,33.3
42,PF,56.5,7.7,67.5,14.1
30,PG,59.4,6.2,34.2,43.5
21,PF,51.6,12.7,52.5,18.4
25,SF,51.6,9.5,49,22.3
22,PG,47.4,7.4,67.3,8.2
25,PF,57.1,13.1,28.4,35.8
22,SG,44.8,9,43.8,29.2
23,SG,45.5,12.1,38.3,10
30,C,65.4,11.8,0,62.5
22,C,68.2,16,4.5,45.5
21,C,35.7,10.3,52.4,0
23,SF,62.2,9.8,37.5,12.5
29,C,0,28.7,50,0
26,SG,150,0,100,0
20,SF,54.7,10.4,30,22
26,PG,59.2,8.1,35,19.7
24,SG,56.8,5.7,61,22.8
29,PF,56.8,11.7,46.1,20.5
32,C,60.5,12.4,28.1,13.1
22,SG,54.7,8.7,34.8,25.5
28,PF,57.5,9.2,36.4,29.4
24,PG,50.1,9.1,50.6,14
26,C,62.4,13.2,25.2,28.6
32,C,56.7,15.6,27.4,27.8
24,PF,53.1,7.7,56.3,24.7
29,PG,59.7,6.4,37.1,26.7
21,C,70.3,15.3,0,29.4
23,PF,54.2,11.3,36.4,28.6
22,SG,43.4,17.8,38.1,9.5
25,SG,61.2,6.2,76.9,15.4
28,C,60,32,0,0
26,PG,48.8,6.2,32.4,22.3
32,C,53,13.3,40,16.4
20,SF,53,10.4,27.7,34.8
22,SG,62.4,9.7,46,34.5
28,PF,54.9,6.9,34.3,27.1
29,PF,66.4,14.7,50.6,39.2
24,PG,43.9,12.3,57.6,27.1
32,C,63.8,11.1,42.9,14.3
26,C,40.3,12.1,14.3,14.3
24,PF,65.8,3,55.6,22.2
24,SG,25.7,6.4,100,54.5
29,PG,57.1,3,14.3,57.1
23,PF,56.5,7.3,25,175
21,C,69.4,27.5,0,100
22,PG,53.3,6.8,41.9,13.5
27,SG,64.5,6.7,51.6,17.8
20,C,63.2,16.8,7.9,48.9
25,PG,58,4.6,44.7,43
32,PF,54.6,10.8,53.9,42.1
29,C,63.2,25.2,0.7,53.6
20,SF,54.5,10,41,20.5
24,SF,46.4,13.2,10.1,37.6
33,PF,55.4,6.7,63.2,19.2
26,SG,51.9,6.9,69.4,15
24,SF,50.9,7.5,31.9,25.5
27,PG,53.4,5.3,52.4,31.7
25,SG,45.8,7.9,67,11.5
23,SG,49,9,63,30.1
29,C,62.2,19.6,11.9,38.1
19,SG,41.5,6.7,45.5,9.1
26,SF,57.3,14.6,10,70
26,PF,61,38.4,7.7,30.8
24,SG,58.1,6.6,33.3,33.3
27,SG,47.3,7.2,48.8,18.6
22,PG,44.6,6.3,35.9,12.6
24,SF,61.2,8.2,35.6,39.7
25,PG,53.6,5.1,38.7,22.6
32,PF,39.7,8.6,63.2,21.1
20,C,67.4,15.9,0,62.5
33,PF,47,1.3,81.8,36.4
25,SG,27.7,7.2,70,60
20,SF,52.2,15.1,40,45
24,SF,60.2,9.9,3,75.8
29,C,73.5,23.8,0,20
27,PG,82.6,12.8,45.5,72.7
23,SG,56.3,7,87.5,0
19,SG,66.7,0,33.3,0
28,PG,55.8,6.8,43.4,26.7
30,SF,58.1,8.9,53,15.8
26,SG,55.2,10.4,33.7,26.6
32,PF,54.8,10.3,58.6,13.2
20,SF,54.8,10.3,39.1,15.1
20,SG,51.8,5.9,56.3,17.4
26,C,61.1,14.5,6.4,40.9
25,PF,55.3,11.3,14.2,37
36,PG,51.2,4.5,11,26.8
24,C,58.7,20.7,13.2,48.8
26,C,60.2,17,0,58.3
23,SG,57,6.3,33.9,17.9
25,C,58.7,11.7,46.6,35.9
23,PG,45.9,5,56,21.3
28,PG,25.1,2.6,14.3,64.3
23,SG,33.3,9.5,44.4,0
23,PG,33.3,0,0,0
23,SG,57.4,7.4,28.3,33
24,PG,58.8,6.1,51.9,24.4
21,PF,55.3,15.2,41.8,24.5
30,C,59.8,9.7,5.8,23
25,SG,49.4,8.4,20.9,28.9
24,PG,48.4,7.3,19,13.6
29,SG,53.1,6.9,68.5,11.7
19,C,54.1,15,8.6,30.2
23,PF,54.3,12.6,24.6,23.3
24,SG,48.9,7.5,34.5,19.6
22,SF,50.7,11.2,23.9,18.2
22,SG,48.7,6.9,23,19.2
26,C,56.8,15.9,2.2,40.8
23,SF,51.5,7.9,53.7,20
24,PG,49.2,5.4,35.1,14.9
23,PF,52.9,16.5,26.6,18.5
25,SF,60.9,9.2,39.8,15.9
21,SG,56.7,4.1,48.3,10
26,PG,46.8,8.8,5.7,12.6
25,SF,63.3,13.7,25.9,38.9
21,SG,41.8,11.8,30.8,30.8
23,PG,0,0,0,0
20,PG,52,5,24.5,21.1
23,SF,53.6,8.1,44.3,21.4
26,SG,53.9,6.8,37.7,16.3
26,C,58.3,17.1,20.5,28
26,SG,54.2,5,33.5,25.1
27,C,55.1,20.3,0,27.9
22,C,59,16.4,0,39.9
26,SG,55.8,9.2,28.6,32.4
27,SG,51.7,10.6,35,28.8
28,PG,53.7,5.2,53.4,21.5
27,PG,51.5,4.5,45.5,10.8
30,PF,56.1,22.2,51.9,40.3
25,SF,51,12.4,36.8,12.3
21,PF,47,16,39,26
32,PG,60.4,4.4,26.2,18.7
25,SG,54.4,7.6,57.8,25.7
35,C,52.4,8.5,67.5,12
37,PF,65,6.4,71.1,21.1
33,SG,44.4,4.5,49.4,12.7
25,SF,54.8,8.8,45.2,43.5
21,SF,42.4,5.4,63.9,11.1
24,PG,59.6,6,45.5,29.1
24,PF,54.4,10.8,27.1,20.8
24,PG,46.7,5.8,35.9,41
23,SG,27.8,3.1,44.4,0
21,PG,0,0,0,0
30,SF,0,0,0,0
19,SG,54.5,13,43.3,40.9
25,SF,53,10.5,48.1,19.5
27,C,68.2,13.2,26.1,52.3
22,PG,54.9,5.7,32,21.2
26,PF,53.8,7,43.4,27.6
30,C,67.2,23.6,0,61.3
27,PF,57.9,11.7,56.5,19.2
32,SF,55.6,4.2,56.1,23.5
35,PG,52.7,5.6,57.6,38.6
21,PG,52.7,5.7,35,23
40,PF,46.9,10.6,54.5,13.3
34,PG,49.5,6.8,33.2,20.3
26,SG,51.4,5.9,52.4,16.1
23,SF,58.4,6.7,45.3,15.3
28,SG,62.1,7.4,73.8,15.1
26,PG,57.4,4.5,38.4,25.8
32,C,55.9,17.6,30.4,28.6
33,SG,47,5.4,47.6,8.5
23,SG,48.2,7.1,40.7,25.9
21,PF,21,4.9,0,133.3
21,PF,0,0,0,0
23,C,58.9,18.7,22.4,29.2
21,PG,53.8,7,35.3,19
23,PG,57.7,5.3,32.3,11.5
33,PF,57,14.4,23.9,37.4
22,SG,59.9,5.8,55,9
28,C,60.2,16.4,2.3,44.8
24,SG,52.6,5.3,38,22.6
28,SF,54.7,9.5,51.9,19.3
23,PF,58,10.6,57.6,27.4
28,SF,50.1,9.1,42.6,16.1
23,PF,50,11.9,40.4,23.4
29,SG,43.7,3.9,43.4,27.3
22,PF,59.5,10.4,55.6,16.7
19,PF,51.3,18,5.3,52.6
23,PG,41.3,2.8,26.1,47.8
33,SG,50,1.5,88.9,0
22,C,64.8,6,53.8,15.4
25,SG,32.2,9.8,40,20
23,C,59.6,17.2,21.5,29.9
24,SG,56.9,5.9,36.1,24.1
21,PG,53.4,6.3,32.9,24.6
33,PF,55.8,10.5,24.2,38.9
28,SF,60.5,11.5,52.2,23.2
28,SF,43.4,10.7,40.7,19.3
22,SG,53,9,50.5,33.3
23,PG,40.9,4.5,15.1,15.1
28,C,53.9,14.9,2.1,59.6
23,PF,50,10.5,66.7,0
23,PF,0,6.6,33.3,0
19,PF,0,10.5,0,0
25,C,55.5,25.4,3.6,39.2
29,PF,58.1,11.8,38.9,41
28,PG,54.7,5.2,45,22.5
27,SG,53.4,5.4,64.7,16.4
22,SG,46.9,7,29.6,19.1
22,SG,56,7,51.7,11.7
27,SG,56.9,5,66.7,14.5
30,PG,48.5,6.3,27.6,12.7
22,SF,48.2,9.9,51.9,14.6
34,C,53.9,16.5,2.1,64.2
31,SG,58.4,4.3,79.5,12.1
37,PG,45.3,5.2,47.5,9.2
25,SF,51.1,6.4,35.2,22.7
21,PF,51.4,10.3,56,35.1
29,PF,61.6,13.2,9.7,27.4
22,SG,41.3,5.6,50.7,15.9
22,PF,55.1,19.7,40,20
21,SF,37.5,5.5,50,0
29,PG,53.2,27.3,100,200
26,SG,0,0,100,0
22,SG,60.4,6,31.9,12.8
31,SG,43.2,5.8,62.9,5.7
25,C,45.1,20.6,1.9,38.9
27,SG,45.6,6.9,73.5,0
28,PG,52.1,6.1,32.3,10.8
30,PG,30.2,6.8,18.4,10.5
21,PF,36.7,6.6,46.2,34.6
29,PF,58.2,10.4,33.3,17.9
22,SG,43.7,7.1,35.7,14.3
25,SF,38.8,9.8,53.3,26.7
34,C,36.3,20.6,0,33.3
22,SG,56.3,6.7,33.3,8.3
37,PG,0,0,0,0
29,PF,41,0,0,50
30,SF,63.1,9.8,28.1,36.6
28,SG,57.1,6,42.7,11.3
30,PG,64.1,8.4,60.4,21.4
28,PF,52.6,12.4,39.1,21.6
35,SF,58.7,8.5,47.7,22.2
22,C,63.6,15,2.9,30.3
31,PF,58.8,12.6,53,22.5
25,PG,56.5,7.9,45.6,5.9
26,SF,56.9,13.1,42.9,17.5
33,PG,55.5,6.5,1,24.3
24,C,53.1,12.5,1,21.4
28,C,56.2,17.1,25.6,38.8
23,C,72,9.8,0,50
26,SG,57.8,9.1,53.5,17.3
21,SG,37.4,6.5,28.3,1.9
34,C,52.3,21.9,0,8.3
22,PF,65.3,10.4,60.6,15.2
28,PF,56.1,15.1,24.9,31
30,PG,62,9,56.6,36.4
28,SG,57.5,6,43.9,11.4
35,SF,56.5,8.3,48.2,22.3
30,SF,66.1,7.7,32.9,46.5
22,C,70.4,12.5,0,31.2
33,PG,51.7,5.5,2.7,33.3
26,SF,52.1,12.2,54.2,16.9
25,PG,49.5,5.4,48.6,5.7
34,C,66.3,23.8,0,13.5
28,C,47.7,16.9,22.6,47.2
31,PF,38.1,16.2,45.2,14.3
24,C,57.9,10.3,0,32.3
21,SG,50,3.2,40,0
23,C,79.8,14.4,0,200
29,PG,61.6,10,53.9,44.9
33,PF,54.7,9.5,74,11.3
24,C,65.8,20.8,0,35.7
30,SG,54.9,3.8,64,16.2
33,PG,56,7.9,49.3,28.2
33,SG,55.5,6.8,76.3,11.8
26,SG,51.1,3.7,58.5,13
25,SF,64.6,7.9,70.6,28.2
28,SF,62.2,6.8,56.9,27.5
24,PF,48,10,91.4,4.6
29,C,62.2,18.7,9,37.2
36,C,55.2,12.5,2.6,40.5
28,SG,45.6,7.8,72.4,4.1
34,PF,51.3,10.2,52.9,18.2
20,PF,56.2,11.8,14.6,34.1
27,PG,47.6,5,31.1,42.6
27,PG,34.7,4.2,68.1,23.4
21,PF,39.1,14.9,44.1,20.6
28,SF,34.6,1.5,92.3,0
23,PG,37.5,6.7,62.5,0
22,SF,37.5,6.9,100,0
27,PF,22.5,44.2,50,25
23,PF,100,0,0,0
33,PF,63.7,10.8,64.8,26.1
29,PG,56.7,10.1,51.9,37.1
30,SG,60.4,3.7,63.3,18.7
33,PG,55.7,9.9,42.6,30.4
24,C,54.9,19.2,0,42.7
26,SG,57.2,5.5,56.5,9.7
25,SF,42,8.8,83.8,21.6
28,SG,52.2,6.2,84.6,15.4
33,SG,46.2,7,72.5,12.5
29,C,76.7,21.1,7.7,46.2
36,C,96.7,14.9,0,90
24,PF,0,14.1,0,0
20,PF,100,28.2,0,0
29,SF,61.3,7.2,36.7,29
30,PF,56.9,11.7,17.4,16.1
31,PG,57.4,6,29.4,28.8
22,C,56.7,13.9,25.1,25.8
27,PG,47.4,7.5,31.2,7.8
22,C,63,20.8,2.4,41.6
29,SG,48.3,7.9,32.7,24.2
27,SF,61.7,4.5,48.8,18.7
26,SG,51.9,9.8,36.7,24
32,SG,54.3,5,61.9,22.9
22,PG,51.8,5.8,48.5,19.1
21,PF,57.2,13.3,16.9,16.9
28,C,53.7,17.8,8.8,15.4
23,PG,44.3,6.3,42.2,37.5
22,PF,33.3,16.5,12.5,50
23,SG,50,7.1,33.3,0
20,C,0,27.7,0,0
29,SF,51.1,8.5,34.9,27
30,PF,46.6,11.7,19,16.7
22,C,47.9,10.8,40,37.1
32,SG,44.7,4.6,70,10
31,PG,50.4,5.6,24.4,13.3
22,C,48.4,16.5,13.8,48.3
27,PG,60.3,4.5,37.5,8.3
29,SG,56.3,11,41.7,29.2
27,SF,25.5,9.4,70,40
22,PG,50,0,40,0
21,PF,25.8,16.4,33.3,66.7
28,C,0,0,0,0
23,PG,0,54.5,0,0
20,PG,55.4,5.7,19.4,27.2
25,C,63.6,13.1,1.9,46.6
30,PG,56.1,9.6,59.1,25.8
30,SF,63.3,10.7,42.1,45.9
32,SG,55.4,5.9,25.6,42.6
26,PF,60.5,12,30.2,25.6
28,SG,46.4,4.7,41,6
34,C,56.2,18.4,0,25.8
30,PF,52.1,12.3,57.8,7.8
21,SG,60.1,4.3,71.9,18.6
24,PG,45,8.5,8.8,26.3
21,C,57.4,20.2,0,32.3
32,SG,51.4,6.7,50.9,29.2
28,PF,60,17.7,48.8,12.8
30,C,66.6,21.4,1.4,67.9
21,SG,49.1,6.8,51.8,8.2
24,SG,48.5,7.5,30.6,69.4
31,SF,46.3,11,60.6,10.6
23,PF,56.3,17.3,4.1,54.8
31,PG,55.7,5.7,67.5,17.5
32,PF,49.5,6.1,33.3,27.8
24,C,25.5,14.1,0,40
30,SF,47.4,10.3,38.7,29.7
30,PG,58.4,13.7,63.8,17
32,SG,53.3,5.4,17.3,39.4
21,SG,54.2,3.8,81.6,26.3
20,PG,59.6,5.2,30,33.3
25,C,73.9,11.6,1.6,41.3
28,PF,69.6,12.6,53.5,23.3
32,SG,45.5,6.2,63.6,90.9
31,SF,42.2,6.4,62.5,25
21,SG,55.6,7.3,42.9,35.7
21,C,51.8,31.4,0,16.7
24,SG,41.7,18.6,50,0
24,PG,37.6,5.1,0,75
23,PF,54.6,8.5,38.8,23
25,SG,56.8,6,57.5,20.9
34,SF,58.8,12.4,29.9,38.2
21,SF,55.5,7.8,12.9,39.6
23,SG,52.6,7.5,59.1,17.2
31,C,63.4,17.5,1.9,23.7
21,PG,48.7,9.1,50,10.5
32,PG,47.3,9.2,32.9,8.3
28,SG,52.9,9.9,45.6,16.9
36,C,62.6,17.6,1.1,79.3
24,PG,56.9,6.5,28.9,37
27,SG,54.5,4.9,64.7,13.7
21,C,63.3,16.2,0,34.2
21,C,53.3,9.8,45,31
21,SF,45.1,4.2,64.4,15.2
23,C,59.9,13.7,1.8,43.6
30,PF,53.2,11.2,11.1,25.5
27,PF,57.8,8.6,68.7,9.6
23,SF,39.8,17.7,30.3,6.1
19,PG,24,10.8,24.2,45.5
28,PG,77.6,0,16.7,16.7
33,SG,0,6.9,50,0
31,PG,56.9,5.7,38,36.3
34,C,54.1,14.3,32.4,29.4
32,SG,55.1,5.6,54.3,19.6
19,PF,59.1,10.1,24.1,33.4
29,SG,50.9,6.7,50.9,15.7
25,SF,56.9,11,12.3,23.2
28,PG,49.9,4.8,32.9,19.3
28,PF,58,15.7,30.8,25.6
26,PG,51.9,9.9,29.4,33.6
23,PF,57.1,11.1,57.8,22.2
21,PF,58.6,16,7.1,32.5
33,C,57.1,19.3,0.5,51.2
23,PG,43.2,6.4,55.1,17.3
26,C,59.4,21.6,6.5,32.6
30,SF,60.6,12.4,26.7,36
30,SF,48.4,7.9,51.6,13.7
24,SG,49.5,5.4,39.1,18
22,SG,54.1,8.8,53.1,20
28,SG,56.5,5.6,38.8,13.3
30,SG,51.8,6.5,32,19.5
23,SF,49.9,5.3,32.8,24.6
31,SF,54.4,5.2,62.9,13.3
27,SF,40.2,9.1,50,8.3
24,SF,35.2,10,31.4,19.6
29,C,64,12.3,0,64.3
25,SG,31.1,2.2,41.7,16.7
28,SG,50,0,0,0
24,PG,50,0,50,0
25,SG,53.6,5.5,44.8,22.5
22,SF,51.3,9.6,34.2,18.3
21,C,62.3,16.6,3.1,46.5
37,SG,51,8,27.2,24.3
27,PF,61,11,56.6,32.8
29,C,56.4,25.9,2.4,35.7
27,SG,51,8.2,48.8,15.6
31,PF,52.2,8,39.3,18.5
21,SF,55.9,11.1,28.1,37.7
27,SG,53,5.4,60.5,9.2
26,PG,54,5.7,50.9,21.9
32,PG,51.7,6,37.9,23.3
31,SG,54.7,4.7,84.2,8.7
24,PF,51.4,6.3,76.1,13
38,C,36,19.4,36.4,12.1
30,PF,35.4,10.9,66.7,22.2
22,PF,25,12.3,25,0
22,PF,26.6,17.7,0,200
27,SF,55.8,9.8,41.3,22.5
24,PF,64.4,19.3,16.3,55
30,C,59.7,8.7,65.1,16.9
29,PG,57.7,8.1,38.8,24.3
26,SG,61.4,8,32.6,20.3
27,SF,58.5,6.1,56.5,11.6
26,SG,57.3,10.4,57.1,11.4
31,PF,54.8,12.5,42,19.4
23,SG,56.3,9,47.1,13.5
32,PG,53.4,6.4,46.5,24.2
22,PF,51.5,12.8,50.6,18.7
22,SG,50.7,8,66.9,9.7
21,C,54.6,11.9,58.2,27.6
27,PF,56.2,11.9,64.4,17
28,PG,52.3,7.5,36.4,19.7
28,C,55.3,19.2,46.3,14.9
23,SF,45.4,15.5,53.8,23.1
28,PG,48.2,5.2,57.9,21.1
23,PF,58.5,16.4,20,60
32,PF,46.8,14,69.2,15.4
27,PG,50,6.6,83.3,0
38,C,29.1,16.9,50,33.3
23,SG,46,8.8,30,20
20,PG,83.3,8.5,33.3,0
27,SF,56.7,9.2,45.8,25.9
24,PF,57,17.9,21,64.1
30,C,57.2,9.4,56,21.6
29,PG,49.4,6.6,38.9,27.6
32,PG,65.3,6.7,40.7,28
26,SG,57.7,14.4,54.5,10.4
27,PF,51.4,10.1,65,23.9
31,PF,55.4,12.9,49.4,30.9
26,SG,54.9,8.6,47.4,14.1
23,SG,52.5,9.3,55.3,28.9
22,PF,56.3,11.7,31.3,12.5
28,PG,75.6,11.3,46.2,15.4
27,SF,41.7,3.6,33.3,0
23,C,62.2,20,27,34.2
23,SF,49.3,7.4,28.8,24.5
20,SG,49.2,6.6,42.3,31.9
33,PF,61.2,14.5,6.3,33
24,PF,57.9,12.2,44.9,21.3
22,PG,49.1,4.6,28.3,15.5
30,PG,55.7,5.4,19.4,21.2
30,PG,52.8,4.5,25.2,36.8
33,PF,57.1,8.8,83,23.2
29,C,57.2,16.1,14.9,28.1
28,SF,58,8.8,60.4,26.9
30,PG,43.1,5,42.6,12.2
23,SF,48.9,8.8,36.6,19.7
33,SF,58.8,10,37.3,29.7
29,SG,57.9,7.7,28.7,38.9
23,SG,58,6.4,65.4,11.5
28,SG,55,3.3,45.7,2.9
23,SG,37.2,2.9,43.6,15.4
27,PG,53.6,2.8,65.5,13.8
28,SF,59.3,3.3,61.9,19
26,SF,50,8.9,16.7,0
28,SG,55.5,7.2,31.3,23.4
24,PF,60,14.7,17.9,44.7
25,C,59.7,18.8,14.1,42.2
28,SF,55,3.8,75.2,14.7
29,SG,56.7,4.5,33.1,11.1
24,PG,50.2,9.1,25.5,18
20,PG,51.7,5.9,37.8,16.3
24,SF,48.5,10.5,55.9,6.8
27,SG,50.2,4.7,52.7,9.7
23,C,60.3,15.4,1.4,24.6
27,PF,59.1,14.8,56.8,24.8
28,PG,55.2,7.8,39.5,21
22,PF,64.4,19.2,1.5,24.7
27,SF,49.7,7.8,56.7,18
31,SF,51.7,7.4,56.8,10.2
22,SF,49.6,8.8,37.4,14.3
23,PF,61.3,17.3,22.8,44.6
29,SG,36.2,2.8,72.3,0
24,PG,34.9,6.8,83.3,16.7
32,C,40.5,10.4,77.8,22.2
19,PF,47.5,8.1,39.8,24.7
24,SG,52.6,6.8,49,14
23,PF,56.1,16,31.1,35.5
22,PG,53.1,6.4,28.4,25.1
26,SG,53.1,5.6,46.4,32.1
23,SG,56.4,7.1,25.5,43.1
20,C,69.2,16.3,0,46.4
23,SF,49.7,10.4,32.8,24.6
26,C,58.5,21.4,4.7,27.6
20,PG,41.7,5,40.8,10.6
23,PF,53.1,9,68.2,16.3
30,PF,48.2,7.8,40.1,18.3
26,PG,49.6,4.7,24,20.9
21,PG,47.3,5.1,28.3,25.3
30,C,68.1,22.9,0,53.7
26,SG,57.4,6.4,25.5,38.3
27,SG,51.8,5.9,54.4,17.5
22,PF,53.6,12.7,40,27.1
33,SG,52.7,8.8,34,29.8
25,SG,37.6,3.4,56.3,37.5
24,SG,45.2,2.5,29.6,14.8
32,SG,33,2.9,52.6,26.3
24,PF,58.8,11.4,0,62.5
28,SF,58.3,11.4,46.9,33.5
25,C,59.1,14.7,0.2,36.1
30,PG,50.1,15.8,27.9,30.6
24,PF,59.2,8.2,35.6,26.9
25,PG,50.8,6.3,33,20.6
20,SG,56.6,3.8,67.3,11.8
24,C,60.8,15.9,0,28.6
29,PF,49.3,8.8,62.6,13.7
25,SF,52.2,8.6,46.5,16.7
25,SG,50.7,4.2,80.9,8.3
20,SG,49.7,9.5,14.5,35.8
29,PF,47.5,12.1,37.8,12.2
34,PG,50.5,4.6,45.2,9.6
25,SG,47,6,32.9,14.6
23,SF,38.3,7.6,51.2,14
23,SF,0,0,100,0
21,C,0,51.6,0,0
22,PG,0,0,100,0
28,SF,58.3,11.4,46.5,48.5
30,PG,46.6,12.1,30.6,23.4
24,PF,63.4,8.6,50,32.5
25,C,64.8,12.3,2.4,19
25,PG,54.8,5.7,36.4,32.7
20,SG,50,5.1,72,0
24,C,57.5,17.2,0,10
29,PF,47.6,11.9,43.8,56.3
34,PG,39.6,2.9,61.5,15.4
25,SF,50,0,0,0
25,SG,20,27.1,40,0
23,PF,53.8,11.7,33.2,24.2
26,SG,53.6,5.4,42.1,15.9
28,C,57.3,20.5,17.1,16.8
31,PG,61.6,4.8,45.9,30.9
27,SG,56.1,7,55.1,14
21,PF,53.7,11,43.5,22.1
24,SF,53.1,8,28.8,37.6
26,PG,52.6,5.6,50,18.2
29,SG,44.5,6.3,29,25.2
20,C,53.9,16.3,28.8,25.9
26,C,64,15.8,0.7,55
22,PG,45.5,7.1,24.6,18.8
24,PF,52.8,11.9,54.8,10.6
27,PG,44,13.5,30.6,43.5
25,PF,69.2,16.5,0,50
22,SG,33,6.1,28.6,19
23,PG,62.5,10,37.5,0
26,SG,42.7,5,49.3,11.6
23,PF,54,12,32.3,30.6
28,C,43.6,14.8,22.4,24.1
27,SG,53.7,6.7,64.8,31.5
31,PG,66.6,3.1,51.2,39
21,PF,37.9,12.3,50,20
26,C,61.7,18.4,0,38.9
27,PG,47.8,11.9,25.8,25.8
24,SF,54.6,6.4,50,50
24,PF,50.6,6.1,77.8,22.2
22,SG,42.5,14.5,0,40
26,PG,23.9,15.6,70,10
22,PG,58.2,13.7,0.6,44.6
34,SG,60.2,4.1,58.9,24.8
24,C,59.3,21.4,21.9,54.1
29,SF,56.9,8.4,19.8,40.7
26,PG,55.5,6.3,10,8.8
21,SG,60.6,3.7,70.6,15.6
27,PF,56,10.2,71.6,27.7
31,PF,56.1,9.4,57,8.7
26,PF,56.2,11.9,33.8,22.1
21,SG,52.8,8.3,58.8,18
30,PF,53.7,8.3,62.6,7.9
23,PF,59.5,13.7,59.3,16.7
31,C,57.4,14.7,25.5,26.1
28,SF,57.8,8.1,65.8,19.7
20,SG,45.2,8.7,9,23.9
24,PF,49.6,11.5,53,22.7
30,C,66.3,19.6,6.7,30
28,SF,51,12.2,43.4,27.7
22,SG,48.3,6.9,50.6,8
29,SF,55.3,6.3,32.8,39.1
32,SF,48.4,6.4,28.6,26.5
19,SG,53.3,6.2,47.1,23.5
28,C,73.6,13.2,4.3,47.8
22,SF,41.4,6.6,50,20
24,PG,65.6,4.1,40,26.7
21,C,31.7,15.1,28.6,28.6
26,PF,52.1,13.3,37.7,15.6
29,SF,56.4,9.4,25.7,41.1
22,PG,62.5,10.9,0,34.5
34,SG,60.6,2.4,70.2,16.1
24,C,55.9,18.6,24.5,56.6
28,SF,57.4,9.8,50,29.7
30,PF,58.5,9.5,72.3,4.3
30,C,66.2,18.6,7.5,47.5
28,C,45.5,18.6,10,22.5
23,PF,38.5,9.6,84.2,21.1
26,PG,44.4,4.3,0,0
29,SF,39.4,9.4,33.3,13.3
21,SG,47,9,44.4,27.8
31,C,100,13.5,0,0
19,SG,0,0,0,0
22,SF,55.6,6,55.6,21
22,SG,58.4,6.5,33,36.2
20,C,60.8,18.5,0.5,21.7
21,SG,48.7,9.7,26.8,25.3
25,SF,58,7.1,29.5,20.3
38,SG,52.2,3.9,46.1,25.1
25,C,64.7,15.5,0,47.9
23,SF,55.5,9.2,38.4,29.6
20,PG,46.6,7.5,37.1,10.9
21,PG,48.9,5.7,45.5,16.2
33,SF,52.5,9.1,61.2,18.9
21,PF,52.1,12.3,51.3,27.4
27,SG,55.8,5.3,70.5,8.4
27,PG,51.5,5.4,55.8,15.5
26,PG,50.6,7.1,44.8,31.2
30,PF,42.3,9,56.7,23.3
21,PF,51.6,18.1,6.4,25.5
28,PF,37.9,11.3,83.3,55.6
36,C,65.3,24.3,0,150
29,SG,34.8,6,44.8,20.7
22,PG,23.1,10.4,15.4,0
22,PF,65.4,16.6,0,33.3
25,SF,0,9.2,0,0
27,PF,0,33.2,0,0
28,PG,58.8,7,41.9,33.5
27,SG,55.3,6.3,35.8,15.4
28,PF,56.8,14.2,47.2,29.2
24,C,57,20.2,3.5,44.2
30,PG,50.4,10.9,11.7,23.9
25,SF,54.7,10.1,30.9,18.8
28,SG,59.5,4.6,54,11.2
21,C,56.2,12.7,30.3,31.5
24,SF,59.4,8.7,42.7,16.7
26,C,67.5,14.2,45.9,21.1
25,SG,54.5,6.3,54.6,15.7
26,SG,54.9,3.6,38.7,18.9
26,C,61.4,20.6,5.6,31.6
21,PF,37.2,19.1,11.4,15.9
19,SG,53.5,4.9,46,25.4
20,SG,37.7,5.3,42,14
22,PG,39.6,8.5,27.3,33.3
22,PF,71.6,16.1,10.5,31.6
28,PG,56.6,6.2,47.9,34.5
27,SG,52.7,6.7,33.4,16
26,C,55.5,17.8,2.7,28.1
28,PF,47.3,13.3,46.8,33
25,SF,53.7,10.6,25.7,33
26,SG,60.6,5.1,45.9,39.6
28,SG,51.8,4.1,63.4,13.4
21,C,59.2,11,25.9,30.9
30,PG,40.9,15.8,2.2,32.6
26,C,61.6,12.5,50.8,13.8
24,SF,28.5,10.6,71.4,57.1
19,SG,21.7,0,28.6,71.4
22,PF,22.5,0,50,25
26,SG,58.7,8.1,47.9,14.2
21,PG,54.4,6.2,21.1,37.8
25,C,56.6,15.8,0.3,34.3
26,SG,53,6.4,43.1,18.8
30,PF,58.5,12.8,43.3,15.5
19,PF,56.2,15.5,13.6,37.1
28,SG,51.1,6,58,11.8
23,SF,54.6,6.9,53.9,16.9
25,PG,55,5.3,42.3,19
26,SF,57.8,8.4,41.9,25.8
20,PF,52.6,14,1.7,26.1
29,C,47.7,18.2,0,15.7
24,PG,50.2,5.1,37.9,33.7
32,SF,56.2,8.6,40.5,40.5
24,SF,53.1,9.7,44.9,15.3
25,SG,54.1,5.5,64.1,18.8
27,SG,49.5,8.9,30,25
22,PF,51.7,10.9,36.7,36.7
21,PF,40.5,18.7,22.2,22.2
23,SF,50,0,50,0
29,SG,54.2,9.4,3.4,33.6
33,C,57.6,15.1,3.2,31.2
25,SG,58.6,5.7,52.2,9.9
30,PG,57.2,5.2,60.9,15.5
32,PF,58.3,13.9,24.7,19.7
32,SG,55.7,5.9,57.2,18
24,PG,55.5,7.8,26.2,22.7
26,PF,63.2,8.8,74.6,13.2
23,C,64,17.6,0,31.7
31,PF,58.5,11,41.1,11.4
38,C,54.4,21,11.4,43.2
30,SF,64.1,8.6,31,72.4
21,PF,38.9,13.5,3.4,29.3
20,SG,44.6,7.9,28.3,21.7
21,PF,64.6,16.4,0,50
28,PF,43.6,12.6,0,33.3
29,SG,55.7,10.1,0.8,37
33,C,51.7,14.8,9.1,27.3
25,SG,62.5,6.3,55.4,16.1
24,PG,61.3,5.9,22.7,34.7
32,PF,50.3,15,27.1,24.3
23,C,63.8,16.4,2.8,25
30,PG,39,5.3,51.2,23.3
32,SG,50.4,5.3,55.3,15.8
26,PF,46.5,5.5,73.3,33.3
20,SG,37.5,5.1,12.5,0
28,PF,59.7,19.8,10,20
31,PF,100,24.9,66.7,0
30,SF,0,4.5,50,0
24,PF,62.8,11.6,22.6,32
31,SG,63.2,7.7,69,7
32,PG,56.2,7.6,61.3,26.3
27,SF,60.6,11.6,26.7,37.7
29,C,58.2,16.1,19.3,20.2
24,PG,53.9,5.1,49.3,19.2
21,SF,54.4,7.9,50,15.3
25,SG,59.6,6.7,42.5,18.8
26,PG,52.7,7.5,30.7,20.8
34,C,56.5,14.3,27.8,27.8
26,C,63.9,20.6,11.6,36.3
31,SF,48.4,6.5,66.5,21.4
30,PG,46.4,7.5,35.5,27.1
28,C,48.7,19.9,2.5,37.9
23,SG,56.9,7.1,44.4,27.8
28,PG,38,7.9,39.4,4.2
26,PF,56.3,18.5,48.7,19.7
31,SG,64.7,6.2,46.2,2.6
23,SG,48.1,6.8,86.2,17.2
25,SF,63,4,80.8,15.4
25,PG,63.5,8.8,44.4,61.1
27,PF,50,24.1,14.3,0
27,SF,61.9,12.8,29.2,43.5
32,PG,57.6,7.2,52.2,29.1
24,PF,54,10.6,27.2,22.7
34,C,56.4,11.5,49.4,25.6
31,SG,50.3,7,76.8,14.8
24,PG,53.4,3.9,59,18.7
29,C,53.2,15.8,19.7,21.8
25,SG,55.8,7.7,49.2,15.1
31,SG,36.3,7.5,44.8,10.3
23,SG,42.5,3.5,60,40
25,SF,41,9.9,75,50
27,PF,50,25.6,0,0
30,PG,41.8,6.1,22.2,44.4
26,PF,46,13.8,60,20
22,SG,53.7,6.6,33.9,25.9
26,C,68.2,21.9,0,73.3
31,PF,58.1,7,60.2,15.3
28,SF,53.8,9.6,65.5,24.7
28,PG,52,6.9,34.8,31.2
27,C,62.4,17.2,12.6,36.8
25,SF,58.9,9.2,51.3,12.2
37,SG,56.9,6.7,72.2,14
23,PG,51.6,5.5,25.7,35.7
34,SF,59.9,10.9,52.3,14.8
25,PF,61.3,9.1,58,13.3
26,PG,55.8,7.1,37.3,20.5
23,SG,51.6,3,55.6,33.7
31,C,69.8,15.2,0,41.7
27,SG,54.7,5.4,37.7,33.3
25,SG,38.3,3.9,55,10
24,PF,41.4,11.1,50,20
21,C,50.4,22.6,0,12.5
22,SG,42.3,6.8,38.4,29.5
28,PG,51.5,5,30.3,30.3
26,C,66.5,17.6,0,71.9
31,PF,43.2,8.3,78.4,0
25,SF,56.7,8.8,51.1,8.9
28,SF,52.4,11.7,65.2,41.3
27,C,66.5,18.9,8.3,52.8
25,PF,50,13.4,59.1,0
34,SF,17.9,10,57.1,0
37,SG,53.6,8.8,75,37.5
26,PG,16.7,7.9,16.7,0
23,SG,44.6,3.8,42.9,100
31,C,0,0,0,0
25,SG,58.1,7.4,37,27.8
27,PG,59,7,30.6,30.2
32,PF,60.8,8,46.6,30
21,C,67.4,16.5,19.7,27.3
33,SF,53.8,8.4,58,23.8
25,SF,55.1,10.5,39.8,14.5
28,PG,52.7,5.7,30.6,31.7
29,PF,54.3,10.7,43.9,22.3
23,PF,53,17.1,33.3,13.2
23,SF,54.5,9.3,43.3,27.9
25,PG,55.5,4.1,53,28.6
19,SF,48.7,10.8,29.5,20.1
26,SG,49,5.6,54.6,23.7
23,PF,58.7,14.3,28.4,26.7
24,PF,51.4,10.1,23.6,17.3
32,C,53.1,13.9,15.4,58.7
27,SG,55,6.5,26.9,26.9
33,C,63.8,19.6,0,69.6
31,SF,37.2,6.2,65,25
32,C,52,15.4,27,32.4
23,SF,61.6,11.4,6.3,43.8
25,SG,0,4.8,100,0
26,PG,68.8,6.8,25,0
27,SG,150,3.9,100,0
26,PF,0,18.1,100,0
23,SF,54.9,8.8,46.9,18.5
24,PG,51.5,5.6,22.9,23.1
28,SG,54.7,7.7,40.5,29.7
20,PF,62,16.9,8.6,34.1
28,C,59.9,17.7,29.6,18
31,SG,55.4,4.6,50.9,22.5
30,PF,56.9,11.9,42.4,22.4
23,PG,49.2,4.5,20.5,36.2
26,C,59.7,12.1,53.5,19.9
28,PG,51.9,5.5,43.5,32.3
21,SG,49.4,7.4,52.1,16.5
29,C,57.4,13.9,0,33.3
28,SF,63.6,7.9,66.1,13.1
23,PF,56.7,13.7,58.6,13.8
23,SF,47.7,8.8,23.4,25.8
25,SG,48.9,9.8,39.5,19.1
28,PG,46.4,4.9,47.8,17.4
24,SF,46.1,9.1,67.1,5.5
22,SG,43.8,9.1,31.3,0
23,SG,82.5,5.3,42.9,28.6
24,SF,0,16.7,100,0
30,SF,100,11.2,0,0
19,SF,58.6,9,29,30.9
31,C,57.5,12.7,30,15.9
21,SG,56.2,8.8,38.1,29
23,PG,52,9.9,50.3,18.6
25,PG,61,6.4,37.4,24
23,SG,47.9,6.4,48.3,25.8
31,C,50.2,16,4.7,17.5
28,PF,54.1,10.9,38.3,25.2
23,PF,47.3,7.7,66.5,21.8
25,C,61.6,16,24.9,34.8
25,PG,49.1,6.5,39.3,16.9
24,SF,43.9,7.4,43.6,26.2
27,C,58,18.2,0,34.8
22,PF,55.9,12.1,60.7,36.1
23,SG,61.5,9,26.9,50
25,PG,36.6,5.6,50,40.9
30,PG,73.9,4.1,52.2,0
30,SG,0,15.6,66.7,0
26,SF,0,9.1,100,0
27,SF,50,10.9,50,0
23,PG,53.8,8.2,55.3,21.1
19,SF,57.8,7,27.2,37.2
31,C,63.1,13.3,21.1,36.8
21,SG,56.3,8.6,42.1,18.8
28,PF,47.4,10.5,32.3,26.5
23,SG,44.7,7.2,47.6,34.3
31,C,58.8,17.4,25.8,20.2
23,PF,44.3,7,66.7,21.2
25,PG,55.1,4.1,37.1,14.3
27,C,55.6,19.1,0,57.9
22,PF,17.9,13.1,66.7,55.6
24,SF,35.8,5.2,26.7,26.7
24,PG,52.7,6,51.7,32
25,SG,55.8,7.8,64.3,16.3
31,PF,55,11.7,49.8,31.3
26,SG,63.4,7,57.6,16.7
23,SF,54.8,12.7,7.5,43.6
23,SF,52.5,7.4,33.3,25.4
19,C,63.6,14.3,3.8,37
27,PF,52.5,10,80,16.4
21,PG,50.9,8.1,41.4,19.5
28,C,58.7,14.7,11.4,26.2
24,SG,54.7,7,66,18
30,SF,56.1,12.5,43.2,11.5
30,PF,53.6,16,8,28.7
31,C,61.7,14.5,19.4,32.3
22,C,59.3,12.3,3.1,19.4
28,SG,41.4,10.2,49.4,21.8
22,PG,53,7.7,20.9,22.1
24,SG,33.7,7.6,48.9,17
24,SF,33.3,10.6,79.2,0
23,PF,41,17.7,50,50
29,PG,59.7,0,16.7,58.3
21,SG,0,0,0,0
27,PG,57.2,4.9,44.1,30.8
32,C,57.7,22.2,0.8,63.9
31,PF,60.3,10,54.2,21.8
29,SG,52.3,8.4,42.2,20
25,SG,55.9,8.9,30.5,25
24,SF,53.6,8.8,0.4,30.5
24,PF,54.5,8.5,38.3,27.1
24,SG,55.3,6.2,43.9,26.7
19,SG,47.7,4.2,57.2,8.9
26,PG,44.6,8.9,25.8,38.9
22,SG,43.1,9.4,22.4,13
25,C,60.2,15.3,1.9,54.5
24,PF,47,13.3,25.1,14.6
23,C,61.2,24,8.4,74.7
29,SG,68.4,9,100,15.4
24,PG,40.3,7.7,57.1,14.3
25,C,53.8,27.1,0,14.3
28,SG,51.3,6.9,57.4,21
24,SG,52.7,10.1,51.3,7.1
20,PF,55.2,13.5,46.5,19.3
29,C,55.2,9.2,2.2,14
25,PG,52.8,5.5,37.2,37.4
25,SG,54.2,10.6,12.3,48
22,PF,54.8,16.2,27.5,19.2
23,PG,48.8,7.8,20.1,17.1
25,C,61.4,12.8,0.9,37.7
23,SF,44.5,8.5,47,10.7
22,SG,49.9,7.7,34.6,30.1
26,PF,62.4,13.7,53.3,26.2
23,PG,49.8,6.4,42.3,7.4
22,PF,48.4,19.3,43.5,19.6
21,SG,47.1,5.6,36.4,27.3
23,PG,55,4.4,75.6,14.6
28,SG,57.4,6.3,44.9,29.9
29,SF,39.8,7.4,44.9,34.7
22,PG,38.6,5.6,27.3,18.2
31,C,31.1,8.8,0,16.7
26,SF,0,0,100,0
33,PF,62.1,13.1,25.7,33.6
32,SG,53.4,5.9,64,9.4
31,PF,58.7,7.6,27.5,37.9
29,C,61.4,18.6,45.3,36.5
36,SG,65.2,5.9,77.7,14.9
27,SF,54.5,7.2,50.3,24.5
26,C,56.9,18.4,0,33.6
36,SG,51.9,9.5,16.1,30.8
36,PG,64.3,5.2,52.4,16.2
22,SF,57.7,10,46.8,24.7
31,PG,55.1,5.4,41.2,21.9
25,SG,56.5,5.1,37.6,20.2
34,C,60.4,11.3,53.3,8.9
25,SG,53.3,5.7,35.7,16.1
25,C,58.5,18.9,5,31.3
28,PG,49.3,4.3,44.8,35.1
29,PG,52.3,5.3,18.2,31.1
27,SG,48,8.3,44.8,25.9
21,C,74.6,15.7,0,43.3
29,SF,41.7,7.7,61,22
23,PG,23,3.4,23.1,38.5
33,C,52.1,3.7,0,100
33,PF,61.9,12.9,22.4,41.8
32,SG,48.6,5.1,64.2,11.8
29,C,51.1,19.4,38.1,23
31,PG,56.7,4.4,38.9,40.5
31,PF,52.4,6,49.3,32.4
36,SG,60.4,6.1,77.3,15.6
26,C,62.2,16,1.2,32.5
25,C,65.2,17.4,1.7,51.7
25,SG,35.8,6.7,37.4,4.9
25,SG,46.8,7.1,26.1,13
36,PG,44.6,6.3,69.2,7.7
22,SF,35.4,6.7,38.9,22.2
21,C,51.4,15.5,0,60
25,PF,53.9,9.9,27.6,25.9
24,SG,54,6.1,49.2,14.1
31,SF,54.1,5.2,57.7,14.5
20,PG,47.3,7,33.1,18.8
39,C,57.5,12.8,44.5,14.2
26,C,65.6,14.7,19.5,43
33,PG,54.5,7,45.4,14.8
26,PF,57.6,10.8,41.4,19.1
34,PG,56,5.8,44,39.4
31,C,64.4,18.7,2.2,48.2
26,SF,61.1,6.1,43.9,15.6
26,SF,43.3,12.4,17.2,40.4
23,C,55.8,19.8,1,26.7
24,PF,48.2,9.3,55.4,12.4
23,SG,39.2,5.7,62.3,24.6
22,PF,55,15.5,8,37.3
24,SF,48.3,12,39.1,26.6
23,SG,31.7,6.9,7.1,28.6
24,SG,53,6.1,83.3,11.1
27,C,44.4,14.2,62.5,12.5
24,PF,59.9,18.5,0,41.7
28,SG,26.6,0,0,200
30,PF,0,0,100,0
27,SG,56.2,8.6,41.1,22
20,PG,57.6,6.5,41.1,23.8
22,C,60.3,18.5,27.7,31
30,SF,54.2,9.6,39,18.1
23,SG,59.7,4.3,43.4,17.8
27,C,58.6,15.6,0.3,48.6
22,PF,59.1,14,39.6,26
32,PF,54.9,12.1,26,37
21,PG,50.4,7,31.7,24.2
27,SF,53.5,11.4,42.3,25.5
21,SG,50.9,6.9,46.1,18.5
34,PG,56.8,4.4,60,34.1
28,PF,55.2,18.7,0.7,34.5
22,PF,51.1,11,66.7,16
37,SF,49.9,5.9,25.9,25.9
29,PF,55.9,6,48.9,6.4
22,PG,72.7,4.5,16.7,33.3
21,PF,0,0,0,0
24,C,55.5,26.2,1.2,44.8
29,PG,52.5,6.1,12.6,14.5
21,SF,48,7.3,41.8,25.9
32,PF,66.3,7.6,77.3,28.2
26,SF,61.5,4.9,51.5,9
25,PF,56.4,8.6,38.9,19.2
21,SG,56,6.6,41.9,16.3
27,SG,49.7,4.1,34,14
27,PG,51.6,5.7,29.3,23.2
26,SG,50.3,5.9,64.1,12.1
28,PF,53.1,11,32.3,26.6
26,PF,53.1,19.1,0,23.8
27,SF,55.8,6.7,42.6,26.5
28,PG,49.8,5.3,22.7,20.7
21,PF,47.6,13.6,41.1,19.9
29,C,59.7,18.4,0,57
28,PF,50.5,13,8.3,41.7
35,PG,32.2,3.8,35.9,7.7
27,C,100,6.1,0,0
24,SG,0,13.8,0,0
26,SG,75,0,100,0
22,PG,25,36.8,25,0
27,SG,59.8,6.2,44.2,8.3
29,SF,64,11.2,33.8,33.1
27,PF,55.6,13.1,41.4,27.9
29,PG,67.5,9,58,35
34,SF,53.6,8.5,36.6,27.2
32,SG,56.2,5,66.8,13.3
32,PG,53.3,6.5,1.5,17.8
37,C,60,13.3,2.1,20.9
33,C,61.2,18.5,0.4,35.2
22,SG,47.7,4.8,35.6,15.1
21,C,58.8,13.2,2.6,39.9
23,C,64.1,14.3,2.2,23.8
29,SF,63.2,15.1,10.6,33.3
24,PG,59.3,6.2,41.3,9.9
30,C,64.1,15.4,2.7,23.7
22,C,51.7,8.8,0,22.7
25,PF,0,55.9,100,0
27,PF,52.9,14.9,41.1,25.5
29,SF,60.6,11.1,31.7,34.9
27,SG,57.9,5.9,45.9,9.1
29,PG,59,9,53.3,15.5
34,SF,61,9.3,43.5,40
21,C,52.9,12.6,2.8,29.2
32,PG,57.9,7.1,0.9,22.7
32,SG,46,3.2,88.7,15.1
24,PG,54.4,7.2,46.3,25.4
37,C,63.1,11.6,4.4,8.9
23,C,53.7,14.9,3.1,43.8
30,C,67.8,14.6,1.7,15.5
33,C,69.2,25.3,0,171.4
22,SG,69.4,10.3,50,100
22,C,60.2,14.9,0,150
28,SG,61.9,8.6,49.8,50.2
32,PF,53.7,11.3,70.3,13.6
32,SF,56.7,7.3,71,13.7
29,SG,57.8,4.4,62.7,24.8
23,C,65,22.2,0.1,38
32,PG,60.4,9.5,47.5,27.7
29,PF,59.2,10.8,70.6,19.4
31,PF,59.5,6.7,50.1,27.5
32,SG,56.6,8.1,72.2,14.5
35,C,59.4,13.1,0.8,44.8
26,C,58.2,17.1,8.7,49.6
36,SF,48.5,7.3,45.5,15.7
22,C,29.5,10,59.4,37.5
25,PG,54.7,8.6,40.9,18.2
33,PG,42.5,3.4,69,3.4
23,PG,28.6,9.8,42.9,0
24,SG,45.5,6.3,70,10
31,PG,40.5,4.8,44.4,22.2
26,SG,35.7,9.1,71.4,0
21,C,40,10.2,0,0
23,SF,24.2,13.3,55.6,33.3
30,PF,66.7,7.5,0,0
23,SG,51.5,13,66.7,66.7
26,SG,0,14.1,0,0
28,SG,54.8,7.9,45.2,34.5
32,SF,48.8,6.2,65.5,22.3
32,PF,65.1,10.8,69.4,16.7
29,SG,52.9,4.5,58.8,27.6
23,C,64.2,21,0,38.2
32,PG,56.5,9.5,38.5,20.6
32,SG,55.1,10.2,76.6,7.4
31,PF,32,8.2,41.7,19.4
35,C,62.4,14.5,0,55
29,PF,47.5,7.6,75,0
36,SF,35.3,10.3,17.6,0
26,C,25,17.5,0,0
31,PG,51.2,13,50,50
22,C,100,9.2,0,0
21,C,0,18.5,0,0
29,PF,52.8,11.1,20.9,10.6
25,SG,57.7,8.6,32.3,27.4
28,SF,60.5,6.2,45.3,24.1
26,PG,50.3,6.7,31.5,15.6
30,PG,61,5,32.1,22.6
27,SG,49.5,12.9,32.7,17.9
21,C,56.7,12.8,24.6,32.2
21,C,56.7,17.8,5.6,33.9
25,PG,52.1,6.4,35.5,15.6
33,C,56.3,16.7,1.4,17.3
20,PF,54.5,10.1,30.9,11.8
24,SF,52.9,6.2,40,12.9
30,PF,51.2,16.2,16.7,13.1
38,SF,40.5,5.9,46.2,10.3
24,PF,50,9.2,42.3,0
19,C,55.8,16.9,0,66.7
22,PF,0,6.3,0,0
22,PG,100,28.2,0,0
27,SG,0,0,0,0
25,SG,54.8,13.6,44.9,32.3
28,SF,50.9,6.1,55.6,12.3
29,PF,60.1,13.9,11.7,21.7
30,PG,53.9,6,33.8,17.6
21,C,69.8,11.2,24.1,35.2
21,C,62.2,11.8,11.3,29
27,SG,52.9,7.8,40,13.8
26,PG,46.3,7.2,33.3,18.2
30,PF,68.8,17.2,10,70
24,SF,100,10.2,0,0
20,PF,0,0,0,0
25,PG,0,0,0,0
31,SG,57.4,4.2,38.7,36.7
29,C,64.8,26.5,0,54
25,SG,52.6,3.9,44.7,19.8
30,SF,51.2,8,48.1,15.8
24,C,64.7,13,1.3,40.5
23,SG,51.9,6.7,26.2,37.8
28,PF,55.3,12.6,32.4,37.9
30,PG,56.4,6.1,64.4,12.8
25,PF,56.5,9.6,33,15.6
23,PF,53.4,10.8,23.2,21.6
23,PG,51.7,6.8,16.2,31.6
21,PG,42.1,5.9,21.3,19.4
27,SG,51.2,4.4,39.6,8.1
29,SF,54.5,8.3,43.4,34
27,C,66.9,15.7,1.7,45.8
29,SG,53,7.4,50.4,14.3
27,SF,63.4,6.4,77.8,4.9
29,C,63.7,28.8,0,75.4
27,SG,49.2,7.3,16.4,3.6
23,PF,67.3,18.8,9.1,18.2
28,SG,50.3,2.9,38.9,11.1
24,SG,56.1,8.4,52,24.3
22,PF,54.9,10.7,41.8,20
23,C,60.6,15.9,5,47
20,SF,53.6,8.5,13.8,37.1
20,PG,44.4,10.8,52.3,12.6
29,C,55.7,9,41,19.9
22,SG,59.6,9.6,52.5,25.1
25,SG,53.2,6.7,31.5,19.8
25,C,61.8,16.4,1.6,34.4
31,SF,50.9,7.1,25,29.7
23,PG,47.3,7.4,25,12.9
23,PG,51.9,6.2,37.1,25.9
28,PG,52,4.2,44.5,27.8
20,C,55.7,16,0.8,41.8
27,SF,49.7,8.9,65.3,11.1
33,C,69.6,19.2,0,8
34,C,58.1,8.9,58.1,9.3
25,PG,44.7,12.5,31.7,14.6
20,C,44.1,12.6,47.6,42.9
32,SG,65.5,5,52.9,17.6
25,SG,25.5,1.2,40,40
32,SF,50,0,0,0
23,SF,43.6,0,66.7,33.3
26,PF,25,5.9,50,0
33,C,53.2,14.2,31,32.6
22,SF,53.1,6.3,34.2,21.5
23,PF,51.6,11.1,19.8,23.4
28,PG,56.1,9.5,35.4,25.8
27,PF,53,17.4,26,22.7
31,PG,50.3,6.4,43.1,31.2
23,PG,53.4,5.7,33.1,37.1
24,SG,52.6,7.4,42.6,17.2
27,SF,61,8.6,37.8,32.9
21,C,62.1,15.3,0,21.5
23,SG,55.1,4.7,45.4,21.9
29,SF,57.8,7.5,51.7,11.5
20,PG,49,4.5,20.6,13.2
20,PF,59.9,17.7,0,23.7
25,SF,47.2,5.8,53.2,9.2
30,PG,52,4.2,45.8,39.3
30,PF,59.5,14.7,0,33.3
29,SG,62.9,6.3,31.4,22.5
25,PG,50.8,8.3,9.5,28.6
23,SG,31.5,2.5,33.3,21.4
28,PF,52.4,8.5,57.1,0
24,PG,30.2,4.7,25,31.3
23,PF,41.8,17.4,0,9.7
23,PF,60,24.8,0,0
24,SF,55.1,6,38,16
31,PG,54.3,7.2,27.9,25.2
25,PG,54.9,6.8,45.6,18.1
30,SG,58.8,6,82.7,11.1
30,PF,57.5,10.3,30.1,26.4
26,PF,61.2,13.6,44,27.4
21,PF,49.6,12.4,26.4,21.3
20,C,57,15.6,2.1,52.6
28,C,57.3,25.4,0.3,31.5
26,SG,48.7,4.7,41.5,16.8
36,SG,46.5,8.5,16.6,22.3
26,SG,59.5,6,47.9,11
23,PF,51.5,16,19.5,23.2
20,SF,45.7,9,32.7,36.7
22,PG,52.5,6.1,68,24
28,SF,35.1,5.8,95.7,0
25,PF,57.7,7.7,68.8,18.8
37,C,25.2,7.8,53.3,13.3
24,SG,41.7,5.1,83.3,0
30,PF,64.4,9.8,31,33.3
31,PG,54.9,4.4,28,29.3
26,PF,60.6,8.3,43.2,45.5
24,SF,48.7,6.1,47.5,17.5
36,SG,51,8.7,5.7,37.1
21,PF,49.5,13.9,45.2,40.5
30,SG,53.7,4.2,85.7,8.6
25,PG,68.8,5.2,38.5,26.9
20,C,40.2,13.7,6.7,93.3
28,C,50.5,20.6,0,65
26,SG,25,13.2,50,0
28,SF,0,0,0,0
26,SF,57.7,8.4,32,28.5
23,PF,59.8,16,10,45.7
28,PG,58.5,7.2,36.6,31.9
26,SG,57.8,4,63.1,11.3
27,C,58.2,15.3,1.4,31.5
25,PG,57.8,6.4,32,16.9
20,C,49.9,10.6,32.9,29.4
40,SG,52.5,3.5,74.7,5.8
22,SG,50.3,10.8,44.4,11.7
22,PF,55,11.9,24.4,16.3
27,PG,50,5.3,51.3,17.8
29,SG,42.4,6,55.4,7.7
28,C,62.2,16,1.9,18.1
28,PG,47.8,8.9,45.8,13.9
28,SG,51.5,7.1,56.1,23.2
21,SG,56,5.8,70,12
32,PF,62.3,8.5,78.9,0
25,SG,62.4,15.5,11.9,28.4
25,PG,43.7,9.4,36.4,9.1
27,C,48.9,18.5,0,12.1
21,PF,62.2,8.3,31.3,12.5
25,C,69.7,19.2,0,533.3
24,PF,52.1,15.4,16.7,100
25,SG,21.8,2.8,33.3,33.3
23,PF,62,14.3,11.6,45.5
26,SF,71.9,7.8,36.6,17
28,PG,51.2,6.6,26.2,23.8
25,PG,51.3,7.7,34.5,18.2
22,PF,51.7,15.4,30.6,21
26,SG,39.6,5.8,87.5,0
20,C,53.1,10.5,71.4,25
27,PG,46.6,3.8,75,16.7
27,C,68.4,9.7,0,15.4
28,C,81.4,12.6,0,80
40,SG,60,2.7,100,0
25,SG,56.3,8.2,25,25
22,SG,70,9.2,60,0
28,PG,34.7,0,100,100
22,SF,50.5,6.9,26,24.2
22,C,64.6,20,24.3,34.3
32,PF,61,12.4,4.7,25.1
29,PG,55.3,5.2,28.7,30.1
28,SG,59,8.4,21.7,46.1
37,SG,51.9,3.5,42.3,15.2
21,PG,57.2,5.2,39.3,24.7
29,PF,58.1,11.5,49.3,12.1
28,C,54.3,15.6,15.7,26.3
25,SF,44.6,8.6,15.7,25.6
23,SG,51.5,4.1,31.3,43.8
33,PG,50.8,5.2,44.9,15.9
29,PG,46.3,3.1,11.1,9.3
29,C,34,17.6,0,40
25,SF,150,0,100,0
20,C,50,0,0,0
28,SG,55.7,9.6,27,28.6
22,C,54.2,21.4,18.3,38.3
22,SF,51.4,8.6,30.9,29.4
29,PG,55.6,6.4,35.3,33.3
37,SG,56,5.7,36.2,27.7
32,PF,66.5,8.8,0,13.6
29,PG,59.1,4.1,17.5,12.3
28,C,43,14,27.8,22.2
21,PG,28.6,8.9,28.6,0
29,PF,60.3,17.3,43.8,43.8
33,PG,51.5,0,33.3,66.7
23,SG,0,18.1,0,0
27,SG,57,6.8,28.6,19.1
24,PF,61.2,16.5,11.1,40.9
28,SG,59.3,5,36.2,8.2
27,SF,61.7,4.6,73.5,13.8
27,C,58.3,19.2,34,45.6
31,PG,52.2,8.4,30.4,9.3
26,SG,52.9,4.7,39.4,11.9
30,SF,52.5,9.4,48,16
35,PG,52,5.8,53.7,8.3
26,PF,53.9,15.3,51.6,15.2
21,PF,61.9,19.7,0,37.5
35,C,54.5,18.4,0,23.2
36,SF,51.4,9.3,13.2,23.1
29,SG,53.7,5.8,41.5,0
26,SF,33.2,10.4,51.2,14.6
31,C,42.3,16.6,0,75
27,PG,44.1,2,35.3,0
29,SG,60.1,4.1,51.9,3.7
23,SG,20.2,2.9,57.1,14.3
25,PG,49.1,3.1,6.3,18.8
24,SF,51.2,8.6,25,50
27,PG,22.2,3,11.1,0
32,PF,25,18.1,0,0
24,PF,58.4,17.6,10.8,31.4
27,SG,58.1,7.6,29.4,17.6
26,PF,61.2,14,50,18.6
31,PG,47.4,11.7,20.7,15.2
28,SG,53.7,4.2,28.4,18.2
26,SG,51.7,2.7,42.4,6.1
27,SF,58.7,6.4,70.6,17.6
26,SF,56.1,7.8,64,40
21,PF,41.7,9.7,0,0
29,SG,73.1,13.9,61.5,0
29,SG,26.6,3.7,0,200
35,C,0,0,0,0
32,SG,56.4,5.4,36.8,16.4
25,SG,53.3,6.6,47.9,20.9
25,C,63,23.6,0.3,25.8
19,PG,43.7,5.8,31.4,13.6
29,PF,55.6,13.9,10.7,19.7
22,PF,53.9,11.3,25.6,30.9
34,PG,48.9,6.8,19.4,16.9
27,C,62.5,18.8,4.4,33.1
29,PF,51.3,7.2,46.4,19.9
26,SF,56.2,6.3,41.8,16.2
25,PG,56.3,5,27.3,14.8
21,PG,42.8,6.5,22.5,25
23,SG,53.2,9.8,42.2,14.3
24,SG,50.4,4.3,55.9,44.1
22,PF,51.6,10.9,63.2,8.8
23,SF,57.2,11.3,33,27
23,PF,50.1,9.5,12.5,25
23,C,59.5,15.9,6.2,34.6
31,PG,40.3,6,20.8,28.3
32,C,51,19.4,0,40
28,SF,0,0,0,0
29,PG,52.4,15.3,19.3,33.6
27,SF,57,8.6,45.4,30.7
33,PF,50.3,10,40.6,16.5
24,C,63,15.3,0.3,40.2
23,PF,60.7,10.7,24.1,52.6
33,PG,49.4,6.3,41.7,8
28,PF,55.5,8.4,64.3,17.3
24,SG,56.7,5.6,75.9,15.8
26,SG,54.3,9.9,22.2,23.5
26,PF,41.7,9.1,63.2,11
19,SG,54.5,3.4,71,5.9
31,SG,56.5,6.6,46.5,27.1
22,C,57.5,11.7,0,51.3
37,PF,62.7,14.8,0,68.4
29,SF,43,9.4,23.8,61.9
22,SG,54.5,9.9,45.5,0
21,PG,50,18.5,0,0
27,SF,54.5,7.6,43.3,30
29,PG,49.3,16.2,26.1,24.8
24,C,60.9,11.9,0,28.3
33,PF,45.2,9.3,38.9,20.8
31,SG,66.9,4.5,44,24
23,PF,54,7.9,22.9,31.4
24,SG,57.5,7.7,65,10
33,PG,48.6,8.7,45.2,6.5
28,PF,66.7,10,66.7,0
26,PF,52.1,8.3,0,100
19,SG,150,8.8,100,0
22,C,0,0,0,0
28,SG,55.5,6.5,26.8,31.7
22,PF,53,13.2,39.5,26
25,SF,57.7,5.4,41.8,21.6
30,PG,61.5,5,50.4,35
27,C,53.3,17.1,24.3,11.2
22,SF,54.4,9.3,43.3,17
25,C,55.6,17.2,0.3,44.6
27,PG,51.8,6.7,33.6,23.4
23,PG,56.4,7.6,14.6,24.9
23,SF,48,7.4,21.1,21.6
32,SG,51.6,5.3,43.2,16
30,C,53.9,10.8,66.8,15.8
26,SG,50.5,6.7,48.7,18.8
25,C,58.2,17.1,0,48.4
20,PF,46.5,10.2,31.7,17.2
23,SG,42.3,5.1,48.6,14
25,SG,45.7,7.5,36.7,15.2
26,PF,83.1,11.5,30,60
21,SG,41.7,6.3,33.3,0
21,PG,55.7,13,1.1,34.2
27,SF,56.3,9.2,65.8,16.3
23,PF,58.2,12.1,44.8,23.3
33,SG,61.4,4.5,52.3,24.8
23,C,57.3,19.4,20.3,44.2
25,PG,54.5,7.1,14.7,9.3
30,C,57.5,15.2,12.3,32.7
29,SG,54.6,4.7,55.7,16.8
22,SF,51.1,4.8,59.2,21.7
24,C,58.5,15.2,12.9,23.2
31,SG,62.8,3.7,53,19.4
30,PF,53.7,15,39.2,21.2
24,SF,54,9.6,51,18.8
30,PF,61.8,13.3,6.4,35.8
19,SG,41.6,9.2,0.9,18.9
20,SG,38.6,7.4,60.7,14.3
22,SG,51.1,1.8,71.4,42.9
24,SG,41,1.2,25,50
22,C,46.5,19.4,0,44.4
25,PF,50.8,6,100,28.6
23,PG,82,3.2,25,50
27,PG,14.3,3.6,42.9,0
28,PG,50,0,50,0
21,PG,54.1,13.6,0.8,46.4
33,SG,59.3,2.3,55.6,31.1
23,PF,54.6,11.9,37.1,28.6
27,SF,45,10.1,57.8,19.3
23,C,51.9,19.4,21,44.2
31,SG,53.9,4.1,43.4,29.2
30,PF,49.9,17.4,36.9,25
25,PG,72,9,8.3,13.9
30,C,56,13.1,0,23.8
24,SF,50,14.6,87.5,0
19,SG,28.5,7,0,57.1
24,C,0,4.9,0,0
29,SG,0,0,0,0
20,SG,150,0,100,0
24,SF,54.1,8.3,8.5,24
20,PF,52.4,9.3,66.5,10.5
20,SF,48,9.6,23.3,29.9
21,SG,56.1,7,36.4,31.2
22,PG,46.5,4.1,26.5,18.3
26,SG,58.3,4.2,79.7,11.1
20,PF,50.9,13.8,39.8,33.1
24,C,61.2,19.8,0.8,61.1
35,C,65.8,19.4,0,49.7
32,PF,55.3,7.3,65.6,28.7
27,PG,47.6,7.1,31.1,26.9
23,PG,48.1,9.7,12,25.8
27,C,64.2,18.4,0,29.7
26,PG,54.3,5.6,48.5,37.5
24,SG,53.3,10.1,45,24
24,PG,54,8.5,21,30.6
22,SG,38.8,8.6,50,15.8
22,PF,52.3,8.8,78.4,13.5
24,PG,34.9,6.2,31.7,26.8
28,PG,50.9,4.5,32.5,35
25,PF,45.5,16.8,0,50
20,SF,67.8,6.5,50,150
26,SG,53.6,6,31.6,16.6
27,PG,59.4,6.6,44.5,38
23,C,52.8,18.5,0.7,28.7
27,PF,52.2,13.8,58.2,13.7
29,SF,52,6.5,22.9,18.5
26,PG,54.4,6,41.1,26
25,SG,53.9,5.9,53.8,11.3
28,C,60.7,21.3,0.3,38
24,SF,59.6,7,39.7,19.9
20,C,47.5,11.5,39.1,14.5
22,PF,54.3,19.1,6.3,32.3
25,C,67.6,15,33.3,14.1
20,PF,44.9,15.6,13.3,30
23,SF,35.2,5.5,42.6,6.4
21,PG,74.8,5.5,23.8,47.6
20,C,100,13.6,0,0
27,PG,47.1,6.1,42.3,23.9
26,SG,61,2.9,33.8,16.9
27,PF,65.2,15.2,57.7,3.8
23,C,53.6,18.8,0,28.2
29,SF,41.3,7.6,21.2,6.1
28,C,46.8,24.9,0,40
20,C,44.1,9.5,46.7,13.3
25,SG,50.4,3.8,66.7,13.3
24,SF,61.5,8.4,46.2,0
26,PG,46.3,3.2,36.4,18.2
21,PG,41,8.7,25,50
23,SF,100,6.9,0,0
25,C,100,27.7,0,0
20,PF,39.9,13.8,50,200
25,SG,55.6,5.8,42.6,15.4
24,C,52.9,14.2,1.6,32
20,PG,47.8,5.7,19.2,24.5
25,SG,55.7,8.6,43.7,8.7
31,SG,53.6,5.4,47.7,16.4
36,PF,52.9,15,19.3,14
22,SF,52.1,7.1,44.2,8.6
28,C,56.6,19.3,0,19
21,PF,51.3,13.2,11.1,25.8
31,PG,59.7,5.8,39.3,30.4
41,SF,52.3,8.2,58.3,13.1
23,PG,48,7.5,22.6,30.3
24,SF,58.5,12.9,12.3,19.8
22,SG,44.5,5.9,44.3,25
20,C,41.5,17.4,0,0
23,SF,31.2,11.9,42.9,7.1
22,SF,41.1,12,51.7,20.7
26,PF,56.6,19.6,0,70.4
32,C,57,14,6.8,29.6
29,PG,55.8,4.1,60.7,17.3
24,SF,58.2,11.1,13,33.3
37,C,53.9,19,19.1,33.3
30,SG,50.9,7.7,57,11.6
21,PG,48.5,14.6,5.6,24.3
24,SG,52.5,4,45.9,14.5
40,SG,55.3,6.1,41.5,28.3
31,PF,54.5,13.1,22,27
25,PF,58.8,7.8,68.9,13.4
35,PG,49.8,4.9,9.5,20.1
26,SG,50.4,6.5,42.5,33.9
26,C,53.6,17.8,2.6,24.7
26,SF,57.2,11.1,31.5,34.2
23,PG,64.6,10.4,39.4,60.6
24,SG,36.2,4.1,31.6,36.8
24,C,50,15.6,0,0
32,C,59.9,14.7,6.3,52.5
29,PG,56.6,3.4,61.4,8.8
31,PF,44.2,9.9,27.7,13.8
40,SG,53.8,7.9,48.6,29.7
30,SG,35,6,66.7,0
21,PG,55.8,12.4,19.4,29
37,C,61.5,15.1,15,50
25,PF,37.2,7.6,88.9,61.1
24,SF,62,10.1,20,20
35,PG,41.2,3.4,13.5,18.9
24,SG,42.3,3.1,52.9,41.2
23,PG,58.3,0,33.3,0
26,C,100,9.4,0,0
26,SG,0,18.8,0,0
28,SG,55.5,6.5,20.3,39.6
31,PG,59.8,9.7,63.1,27.6
28,PF,57.4,12.8,37.9,15.1
25,C,62.8,21.4,10.8,30.7
23,PF,54.9,12.1,26.5,17.5
22,C,66.2,14.4,0.5,26.3
23,PG,55.6,6.8,47.9,18.5
20,SF,58.7,7,56.9,17.9
25,PG,57.4,7.7,35.4,27.1
30,SF,54.5,6.4,75.8,16.2
24,SG,49.2,6.3,49.7,10.4
25,C,66.1,11.7,23.8,35
27,PG,45.9,6,35.3,5.9
24,SF,63.8,6.7,75,14.3
25,SF,64.3,7.4,60,20
22,SF,0,8,100,0
23,SF,150,0,100,0
22,SG,50,11.2,50,0
31,PG,65.9,7.3,53.4,27.1
28,SG,51.1,6.2,17.6,26.6
28,PF,53.3,13.9,33.3,30.6
25,C,59.9,26.3,4.7,31.8
20,SF,69.5,5.4,55.8,21.2
30,SF,61.5,6.5,63.4,22.5
25,PG,57.3,6.3,30.9,23.5
23,PF,66.3,12.3,9.8,48.8
22,C,62.2,15.7,3.2,61.3
23,PG,48.2,5.4,71.8,20.5
24,SG,38.1,3.1,50,28.6
27,PG,41.4,12.7,50,20
25,C,26.6,2.5,0,200
21,SG,54.1,6.4,40.4,21.8
30,SF,62.3,7.6,64.6,11.6
27,PG,53.7,8.8,33,30.7
26,C,59.3,14.6,9,30.6
25,C,65.7,18.8,0,67.3
24,SF,54,11.7,41.5,26.8
30,PF,58.6,12.3,46,16.7
25,SG,55.1,5.8,47.5,17.6
26,SG,52.7,10.3,34.3,30
30,C,56,10.5,0.8,46.7
33,SF,59.1,11.3,35,22.5
27,SF,49.9,7.8,51.5,19
36,SF,49.2,8.7,37.2,10.6
25,PG,55,5.6,31.1,23.2
22,PG,56.6,6.3,20.7,35.6
24,PF,37.9,16,36.4,18.2
20,C,33.7,21.5,9.1,18.2
26,PG,16.7,6,0,0
26,PG,105,0,100,133.3
24,SF,0,7.1,50,0
24,SG,150,0,100,0
21,SG,51.2,8.5,32.9,17.7
25,C,66.2,16.6,0,69
30,SF,62.3,6.8,63.6,14
27,SF,45.7,9.3,61.1,25.9
26,C,61.8,10.7,7.4,48.5
24,SF,60.6,7.9,50,33.9
27,PG,47.1,13.1,40.5,29.1
26,SG,58.1,10.8,31.3,23.4
22,PG,55.1,6.6,17.1,29.3
30,PF,47.8,10.9,31.6,10.5
25,PG,41.7,7.5,30.4,21.7
30,C,36.2,7.7,0,400
26,PG,33.3,9,33.3,0
20,C,50,26.9,0,0
24,SG,56.4,6.9,35.7,24.9
24,SF,60.2,11.4,35.4,14.5
22,SF,53.4,9.2,46.7,29.5
33,C,54.6,17,0,29.1
28,PF,56.6,11.8,30.1,18.6
26,SG,61.5,8,26.3,25
27,PG,51.5,6,25,36.1
29,PF,59.9,9.9,31.1,14.5
31,C,60.1,15.4,0.8,51.6
30,SG,54.8,6.4,53.4,29.8
27,PG,47.5,7.8,32.6,17.4
31,C,45.5,10.5,27.8,18.3
31,PG,53.3,5,23.4,65.6
22,PF,47.8,15.7,19,33.3
22,SF,33.3,21.7,0,0
27,PG,52.8,8.7,16.5,37
24,SG,58.8,5.5,41.7,21.3
28,PF,55.2,14.8,24.5,20.4
33,C,56.4,14.2,0,16.3
24,SF,56.2,9.4,29.3,19.5
22,SF,50.1,9.3,39.6,37.5
29,PF,74.5,9.9,26.8,14.6
30,PG,50.6,8.1,30.8,23.1
26,SG,23.7,8.9,23.1,30.8
31,C,79.6,12.6,0,78.6
27,PG,0,9.9,0,0
31,C,0,0,0,0